STATE_ABBREVIATION,STATE,D,CANDIDATE_ID,INCUMBENT,CANDIDATE_NAME_(FIRST),CANDIDATE_NAME_(LAST),CANDIDATE_NAME,TOTAL_VOTES,PARTY,PRIMARY_VOTES,PRIMARY_%,RUNOFF_VOTES,RUNOFF_%,GENERAL_VOTES,GENERAL_%,GE_RUNOFF_ELECTION_VOTES_(LA),GE_RUNOFF_ELECTION_%_(LA),"COMBINED_GE_PARTY_TOTALS_(CT,_NY,_SC)","COMBINED_%_(CT,_NY,_SC)",GE_WINNER_INDICATOR,FOOTNOTES
AL,Alabama,01,,0,,,,Party Votes:,R,118629.0,,,,,,,,,,0,
AL,Alabama,01,,0,,,,District Votes:,,118629.0,,,,215893.0,,,,,,0,
AL,Alabama,02,,0,,,,Party Votes:,R,118560.0,,,,,,,,,,0,
AL,Alabama,02,,0,,,,District Votes:,,118560.0,,,,276584.0,,,,,,0,
AL,Alabama,03,,0,,,,Party Votes:,R,101906.0,,,,,,,,,,0,
AL,Alabama,03,,0,,,,District Votes:,,101906.0,,,,287104.0,,,,,,0,
AL,Alabama,04,,0,,,,Party Votes:,R,106756.0,,,,,,,,,,0,
AL,Alabama,04,,0,,,,District Votes:,,106756.0,,,,239444.0,,,,,,0,
AL,Alabama,05,,0,,,,District Votes:,,,,,,308326.0,,,,,,0,
AL,Alabama,06,,0,,,,District Votes:,,,,,,329306.0,,,,,,0,
AL,Alabama,07,,0,,,,District Votes:,,,,,,233028.0,,,,,,0,
AL,Alabama,H,,0,,,,Total State Votes:,,445851.0,,,,1889685.0,,,,,,0,
AK,Alaska,00,,0,,,,Party Votes:,R,54528.0,,,,,,,,,,0,
AK,Alaska,00,,0,,,,Party Votes:,D,25057.0,,,,,,,,,,0,
AK,Alaska,00,,0,,,,Party Votes:,LIB,5543.0,,,,,,,,,,0,
AK,Alaska,00,,0,,,,District Votes:,,85128.0,,,,308198.0,,,,,,0,
AK,Alaska,H,,0,,,,Total State Votes:,,85128.0,,,,308198.0,,,,,,0,
AS,American Samoa,00,,0,,,,District Votes:,,,,,,11834.0,,,,,,0,
AS,American Samoa,H,,0,,,,Total State Votes:,,,,,,11834.0,,,,,,0,
AZ,Arizona,01,,0,,,,Party Votes:,D,52465.0,,,,,,,,,,0,
AZ,Arizona,01,,0,,,,Party Votes:,R,63376.0,,,,,,,,,,0,
AZ,Arizona,01,,0,,,,Party Votes:,GRE,66.0,,,,,,,,,,0,
AZ,Arizona,01,,0,,,,Party Votes:,LIB,144.0,,,,,,,,,,0,
AZ,Arizona,01,,0,,,,District Votes:,,116051.0,,,,280710.0,,,,,,0,
AZ,Arizona,02,,0,,,,Party Votes:,R,69378.0,,,,,,,,,,0,
AZ,Arizona,02,,0,,,,Party Votes:,D,60675.0,,,,,,,,,,0,
AZ,Arizona,02,,0,,,,Party Votes:,GRE,38.0,,,,,,,,,,0,
AZ,Arizona,02,,0,,,,Party Votes:,LIB,164.0,,,,,,,,,,0,
AZ,Arizona,02,,0,,,,District Votes:,,130255.0,,,,315679.0,,,,,,0,
AZ,Arizona,03,,0,,,,Party Votes:,D,35844.0,,,,,,,,,,0,
AZ,Arizona,03,,0,,,,Party Votes:,LIB,77.0,,,,,,,,,,0,
AZ,Arizona,03,,0,,,,District Votes:,,35921.0,,,,151035.0,,,,,,0,
AZ,Arizona,04,,0,,,,Party Votes:,R,90938.0,,,,,,,,,,0,
AZ,Arizona,04,,0,,,,Party Votes:,D,24146.0,,,,,,,,,,0,
AZ,Arizona,04,,0,,,,Party Votes:,LIB,130.0,,,,,,,,,,0,
AZ,Arizona,04,,0,,,,District Votes:,,115214.0,,,,284783.0,,,,,,0,
AZ,Arizona,05,,0,,,,Party Votes:,R,85592.0,,,,,,,,,,0,
AZ,Arizona,05,,0,,,,Party Votes:,D,25071.0,,,,,,,,,,0,
AZ,Arizona,05,,0,,,,Party Votes:,LIB,143.0,,,,,,,,,,0,
AZ,Arizona,05,,0,,,,District Votes:,,110806.0,,,,320124.0,,,,,,0,
AZ,Arizona,06,,0,,,,Party Votes:,R,78913.0,,,,,,,,,,0,
AZ,Arizona,06,,0,,,,Party Votes:,D,29854.0,,,,,,,,,,0,
AZ,Arizona,06,,0,,,,Party Votes:,LIB,161.0,,,,,,,,,,0,
AZ,Arizona,06,,0,,,,District Votes:,,108928.0,,,,324444.0,,,,,,0,
AZ,Arizona,07,,0,,,,Party Votes:,D,29705.0,,,,,,,,,,0,
AZ,Arizona,07,,0,,,,Party Votes:,R,10912.0,,,,,,,,,,0,
AZ,Arizona,07,,0,,,,Party Votes:,LIB,127.0,,,,,,,,,,0,
AZ,Arizona,07,,0,,,,District Votes:,,40744.0,,,,158811.0,,,,,,0,
AZ,Arizona,08,,0,,,,Party Votes:,R,83084.0,,,,,,,,,,0,
AZ,Arizona,08,,0,,,,Party Votes:,GRE,27.0,,,,,,,,,,0,
AZ,Arizona,08,,0,,,,Party Votes:,D,640.0,,,,,,,,,,0,
AZ,Arizona,08,,0,,,,District Votes:,,83751.0,,,,298971.0,,,,,,0,
AZ,Arizona,09,,0,,,,Party Votes:,D,38948.0,,,,,,,,,,0,
AZ,Arizona,09,,0,,,,Party Votes:,R,42780.0,,,,,,,,,,0,
AZ,Arizona,09,,0,,,,Party Votes:,LIB,210.0,,,,,,,,,,0,
AZ,Arizona,09,,0,,,,District Votes:,,81938.0,,,,277507.0,,,,,,0,
AZ,Arizona,H,,0,,,,Total State Votes:,,823608.0,,,,2412064.0,,,,,,0,
AR,Arkansas,01,,0,,,,District Votes:,,,,,,241047.0,,,,,,0,
AR,Arkansas,02,,0,,,,Party Votes:,R,102285.0,,,,,,,,,,0,
AR,Arkansas,02,,0,,,,District Votes:,,102285.0,,,,302464.0,,,,,,0,
AR,Arkansas,03,,0,,,,District Votes:,,,,,,280907.0,,,,,,0,
AR,Arkansas,04,,0,,,,District Votes:,,,,,,244159.0,,,,,,0,
AR,Arkansas,H,,0,,,,Total State Votes:,,102285.0,,,,1068577.0,,,,,,0,
CA,California,01,,0,,,,District Votes:,,211166.0,,,,314036.0,,,,,,0,
CA,California,02,,0,,,,District Votes:,,231180.0,,,,330766.0,,,,,,0,
CA,California,03,,0,,,,District Votes:,,155972.0,,,,256966.0,,,,,,0,
CA,California,04,,0,,,,District Votes:,,220660.0,,,,350978.0,,,,,,0,
CA,California,05,,0,,,,District Votes:,,189701.0,,,,292091.0,,,,,,0,
CA,California,06,,0,,,,District Votes:,,141514.0,,,,235413.0,,,,,,0,
CA,California,07,,0,,,,District Votes:,,173146.0,,,,297301.0,,,,,,0,
CA,California,08,,0,,,,District Votes:,,120077.0,,,,220007.0,,,,,,0,
CA,California,09,,0,,,,District Votes:,,129607.0,,,,232155.0,,,,,,0,
CA,California,10,,0,,,,District Votes:,,128409.0,,,,241141.0,,,,,,0,
CA,California,11,,0,,,,District Votes:,,176971.0,,,,298209.0,,,,,,0,
CA,California,12,,0,,,,District Votes:,,217042.0,,,,338845.0,,,,,,0,
CA,California,13,,0,,,,District Votes:,,209045.0,,,,322871.0,,,,,,0,
CA,California,14,,0,,,,District Votes:,,146119.0,,,,286447.0,,,,,,0,
CA,California,15,,0,,,,District Votes:,,144835.0,,,,269197.0,,,,,,0,
CA,California,16,,0,,,,District Votes:,,94469.0,,,,167956.0,,,,,,0,
CA,California,17,,0,,,,District Votes:,,133212.0,,,,233192.0,,,,,,0,
CA,California,18,,0,,,,District Votes:,,194621.0,,,,323930.0,,,,,,0,
CA,California,19,,0,,,,District Votes:,,141662.0,,,,245863.0,,,,,,0,
CA,California,20,,0,,,,District Votes:,,164938.0,,,,255791.0,,,,,,0,
CA,California,21,,0,,,,District Votes:,,69166.0,,,,132408.0,,,,,,0,
CA,California,22,,0,,,,District Votes:,,135534.0,,,,234966.0,,,,,,0,
CA,California,23,,0,,,,District Votes:,,137334.0,,,,241584.0,,,,,,0,
CA,California,24,,0,,,,District Votes:,,207906.0,,,,310814.0,,,,,,0,
CA,California,25,,0,,,,District Votes:,,132142.0,,,,261161.0,,,,,,0,
CA,California,26,,0,,,,District Votes:,,170156.0,,,,280307.0,,,,,,0,
CA,California,27,,0,,,,District Votes:,,140841.0,,,,250632.0,,,,,,0,
CA,California,28,,0,,,,District Votes:,,159128.0,,,,270409.0,,,,,,0,
CA,California,29,,0,,,,District Votes:,,95520.0,,,,171824.0,,,,,,0,
CA,California,30,,0,,,,District Votes:,,153789.0,,,,282604.0,,,,,,0,
CA,California,31,,0,,,,District Votes:,,112620.0,,,,215936.0,,,,,,0,
CA,California,32,,0,,,,District Votes:,,106967.0,,,,186646.0,,,,,,0,
CA,California,33,,0,,,,District Votes:,,184709.0,,,,330219.0,,,,,,0,
CA,California,34,,0,,,,District Votes:,,92783.0,,,,159156.0,,,,,,0,
CA,California,35,,0,,,,District Votes:,,86315.0,,,,171353.0,,,,,,0,
CA,California,36,,0,,,,District Votes:,,130326.0,,,,232617.0,,,,,,0,
CA,California,37,,0,,,,District Votes:,,144117.0,,,,237272.0,,,,,,0,
CA,California,38,,0,,,,District Votes:,,123386.0,,,,232114.0,,,,,,0,
CA,California,39,,0,,,,District Votes:,,140555.0,,,,263456.0,,,,,,0,
CA,California,40,,0,,,,District Votes:,,79541.0,,,,149297.0,,,,,,0,
CA,California,41,,0,,,,District Votes:,,98698.0,,,,197323.0,,,,,,0,
CA,California,42,,0,,,,District Votes:,,120883.0,,,,254236.0,,,,,,0,
CA,California,43,,0,,,,District Votes:,,122061.0,,,,219516.0,,,,,,0,
CA,California,44,,0,,,,District Votes:,,100276.0,,,,178413.0,,,,,,0,
CA,California,45,,0,,,,District Votes:,,160899.0,,,,311849.0,,,,,,0,
CA,California,46,,0,,,,District Votes:,,93569.0,,,,164593.0,,,,,,0,
CA,California,47,,0,,,,District Votes:,,137022.0,,,,242868.0,,,,,,0,
CA,California,48,,0,,,,District Votes:,,164077.0,,,,306416.0,,,,,,0,
CA,California,49,,0,,,,District Votes:,,166521.0,,,,310155.0,,,,,,0,
CA,California,50,,0,,,,District Votes:,,153289.0,,,,283583.0,,,,,,0,
CA,California,51,,0,,,,District Votes:,,104037.0,,,,199524.0,,,,,,0,
CA,California,52,,0,,,,District Votes:,,183502.0,,,,320656.0,,,,,,0,
CA,California,53,,0,,,,District Votes:,,169260.0,,,,296956.0,,,,,,0,
CA,California,H,,0,,,,Total State Votes:,,7701275.0,,,,13414018.0,,,,,,0,
CO,Colorado,01,,0,,,,Party Votes:,D,64695.0,,,,,,,,,,0,
CO,Colorado,01,,0,,,,Party Votes:,R,15616.0,,,,,,,,,,0,
CO,Colorado,01,,0,,,,District Votes:,,80311.0,,,,379036.0,,,,,,0,
CO,Colorado,02,,0,,,,Party Votes:,D,45017.0,,,,,,,,,,0,
CO,Colorado,02,,0,,,,Party Votes:,R,36417.0,,,,,,,,,,0,
CO,Colorado,02,,0,,,,District Votes:,,81434.0,,,,457312.0,,,,,,0,
CO,Colorado,03,,0,,,,Party Votes:,R,55782.0,,,,,,,,,,0,
CO,Colorado,03,,0,,,,Party Votes:,D,35823.0,,,,,,,,,,0,
CO,Colorado,03,,0,,,,District Votes:,,91605.0,,,,374037.0,,,,,,0,
CO,Colorado,04,,0,,,,Party Votes:,R,58848.0,,,,,,,,,,0,
CO,Colorado,04,,0,,,,Party Votes:,D,22520.0,,,,,,,,,,0,
CO,Colorado,04,,0,,,,District Votes:,,81368.0,,,,390635.0,,,,,,0,
CO,Colorado,05,,0,,,,Party Votes:,R,74986.0,,,,,,,,,,0,
CO,Colorado,05,,0,,,,Party Votes:,D,23077.0,,,,,,,,,,0,
CO,Colorado,05,,0,,,,District Votes:,,98063.0,,,,362114.0,,,,,,0,
CO,Colorado,06,,0,,,,Party Votes:,R,41288.0,,,,,,,,,,0,
CO,Colorado,06,,0,,,,Party Votes:,D,30704.0,,,,,,,,,,0,
CO,Colorado,06,,0,,,,District Votes:,,71992.0,,,,376417.0,,,,,,0,
CO,Colorado,07,,0,,,,Party Votes:,D,35196.0,,,,,,,,,,0,
CO,Colorado,07,,0,,,,Party Votes:,R,29614.0,,,,,,,,,,0,
CO,Colorado,07,,0,,,,District Votes:,,64810.0,,,,362010.0,,,,,,0,
CO,Colorado,H,,0,,,,Total State Votes:,,569583.0,,,,2701561.0,,,,,,0,
CT,Connecticut,01,,0,,,,District Votes:,,,,,,312925.0,,,,,,0,
CT,Connecticut,02,,0,,,,District Votes:,,,,,,330257.0,,,,,,0,
CT,Connecticut,03,,0,,,,District Votes:,,,,,,309379.0,,,,,,0,
CT,Connecticut,04,,0,,,,District Votes:,,,,,,313540.0,,,,,,0,
CT,Connecticut,05,,0,,,,District Votes:,,,,,,309082.0,,,,,,0,
CT,Connecticut,H,,0,,,,Total State Votes:,,,,,,1575183.0,,,,,,0,
DE,Delaware,00,,0,,,,Party Votes:,D,63794.0,,,,,,,,,,0,
DE,Delaware,00,,0,,,,District Votes:,,63794.0,,,,420640.0,,,,,,0,
DE,Delaware,H,,0,,,,Total State Votes:,,63794.0,,,,420640.0,,,,,,0,
DC,District of Columbia,00,,0,,,,Party Votes:,D,93465.0,,,,,,,,,,0,
DC,District of Columbia,00,,0,,,,Party Votes:,DCG,403.0,,,,,,,,,,0,
DC,District of Columbia,00,,0,,,,Party Votes:,R,564.0,,,,,,,,,,0,
DC,District of Columbia,00,,0,,,,District Votes:,,94432.0,,,,300906.0,,,,,,0,
DC,District of Columbia,H,,0,,,,Total State Votes:,,94432.0,,,,300906.0,,,,,,0,
FL,Florida,01,,0,,,,Party Votes:,R,98803.0,,,,,,,,,,0,
FL,Florida,01,,0,,,,District Votes:,,98803.0,,,,369186.0,,,,,,0,
FL,Florida,02,,0,,,,Party Votes:,R,81890.0,,,,,,,,,,0,
FL,Florida,02,,0,,,,Party Votes:,D,60097.0,,,,,,,,,,0,
FL,Florida,02,,0,,,,District Votes:,,141987.0,,,,343362.0,,,,,,0,
FL,Florida,03,,0,,,,District Votes:,,,,,,342700.0,,,,,,0,
FL,Florida,04,,0,,,,Party Votes:,R,100325.0,,,,,,,,,,0,
FL,Florida,04,,0,,,,District Votes:,,100325.0,,,,409662.0,,,,,,0,
FL,Florida,05,,0,,,,Party Votes:,D,82589.0,,,,,,,,,,0,
FL,Florida,05,,0,,,,District Votes:,,82589.0,,,,302874.0,,,,,,0,
FL,Florida,06,,0,,,,Party Votes:,R,67684.0,,,,,,,,,,0,
FL,Florida,06,,0,,,,Party Votes:,D,43818.0,,,,,,,,,,0,
FL,Florida,06,,0,,,,District Votes:,,111502.0,,,,364570.0,,,,,,0,
FL,Florida,07,,0,,,,Party Votes:,R,49935.0,,,,,,,,,,0,
FL,Florida,07,,0,,,,District Votes:,,49935.0,,,,353655.0,,,,,,0,
FL,Florida,08,,0,,,,District Votes:,,,,,,390561.0,,,,,,0,
FL,Florida,09,,0,,,,Party Votes:,D,39978.0,,,,,,,,,,0,
FL,Florida,09,,0,,,,Party Votes:,R,33636.0,,,,,,,,,,0,
FL,Florida,09,,0,,,,District Votes:,,73614.0,,,,339761.0,,,,,,0,
FL,Florida,10,,0,,,,Party Votes:,D,40719.0,,,,,,,,,,0,
FL,Florida,10,,0,,,,District Votes:,,40719.0,,,,305989.0,,,,,,0,
FL,Florida,11,,0,,,,Party Votes:,R,88401.0,,,,,,,,,,0,
FL,Florida,11,,0,,,,District Votes:,,88401.0,,,,394719.0,,,,,,0,
FL,Florida,12,,0,,,,District Votes:,,,,,,369669.0,,,,,,0,
FL,Florida,13,,0,,,,Party Votes:,R,54597.0,,,,,,,,,,0,
FL,Florida,13,,0,,,,District Votes:,,54597.0,,,,355842.0,,,,,,0,
FL,Florida,14,,0,,,,District Votes:,,,,,,316877.0,,,,,,0,
FL,Florida,15,,0,,,,District Votes:,,,,,,318474.0,,,,,,0,
FL,Florida,16,,0,,,,Party Votes:,R,66606.0,,,,,,,,,,0,
FL,Florida,16,,0,,,,Party Votes:,D,41169.0,,,,,,,,,,0,
FL,Florida,16,,0,,,,District Votes:,,107775.0,,,,385916.0,,,,,,0,
FL,Florida,17,,0,,,,District Votes:,,,,,,338675.0,,,,,,0,
FL,Florida,18,,0,,,,Party Votes:,R,63452.0,,,,,,,,,,0,
FL,Florida,18,,0,,,,Party Votes:,D,46152.0,,,,,,,,,,0,
FL,Florida,18,,0,,,,District Votes:,,109604.0,,,,375918.0,,,,,,0,
FL,Florida,19,,0,,,,Party Votes:,R,88797.0,,,,,,,,,,0,
FL,Florida,19,,0,,,,District Votes:,,88797.0,,,,363166.0,,,,,,0,
FL,Florida,20,,0,,,,District Votes:,,,,,,277560.0,,,,,,0,
FL,Florida,21,,0,,,,District Votes:,,,,,,335861.0,,,,,,0,
FL,Florida,22,,0,,,,District Votes:,,,,,,337850.0,,,,,,0,
FL,Florida,23,,0,,,,Party Votes:,D,50716.0,,,,,,,,,,0,
FL,Florida,23,,0,,,,Party Votes:,R,18360.0,,,,,,,,,,0,
FL,Florida,23,,0,,,,District Votes:,,69076.0,,,,323120.0,,,,,,0,
FL,Florida,24,,0,,,,Party Votes:,D,64845.0,,,,,,,,,,0,
FL,Florida,24,,0,,,,District Votes:,,64845.0,,,,,,,,,,0,
FL,Florida,25,,0,,,,District Votes:,,,,,,253240.0,,,,,,0,
FL,Florida,26,,0,,,,Party Votes:,D,28942.0,,,,,,,,,,0,
FL,Florida,26,,0,,,,District Votes:,,28942.0,,,,280542.0,,,,,,0,
FL,Florida,27,,0,,,,Party Votes:,R,37880.0,,,,,,,,,,0,
FL,Florida,27,,0,,,,Party Votes:,D,28963.0,,,,,,,,,,0,
FL,Florida,27,,0,,,,District Votes:,,66843.0,,,,287677.0,,,,,,0,
FL,Florida,H,,0,,,,Total State Votes:,,1378354.0,,,,8837426.0,,,,,,0,
GA,Georgia,01,,0,,,,Party Votes:,R,37758.0,,,,,,,,,,0,
GA,Georgia,01,,0,,,,District Votes:,,37758.0,,,,211112.0,,,,,,0,
GA,Georgia,02,,0,,,,Party Votes:,D,55880.0,,,,,,,,,,0,
GA,Georgia,02,,0,,,,Party Votes:,R,16405.0,,,,,,,,,,0,
GA,Georgia,02,,0,,,,District Votes:,,72285.0,,,,242599.0,,,,,,0,
GA,Georgia,03,,0,,,,Party Votes:,R,57869.0,,42334.0,,,,,,,,0,
GA,Georgia,03,,0,,,,Party Votes:,D,12939.0,,,,,,,,,,0,
GA,Georgia,03,,0,,,,District Votes:,,70808.0,,42334.0,,303187.0,,,,,,0,
GA,Georgia,04,,0,,,,Party Votes:,D,44509.0,,,,,,,,,,0,
GA,Georgia,04,,0,,,,Party Votes:,R,10260.0,,,,,,,,,,0,
GA,Georgia,04,,0,,,,District Votes:,,54769.0,,,,290739.0,,,,,,0,
GA,Georgia,05,,0,,,,Party Votes:,D,47313.0,,,,,,,,,,0,
GA,Georgia,05,,0,,,,Party Votes:,R,3635.0,,,,,,,,,,0,
GA,Georgia,05,,0,,,,District Votes:,,50948.0,,,,300549.0,,,,,,0,
GA,Georgia,06,,0,,,,Party Votes:,R,32021.0,,,,,,,,,,0,
GA,Georgia,06,,0,,,,Party Votes:,D,11050.0,,,,,,,,,,0,
GA,Georgia,06,,0,,,,District Votes:,,43071.0,,,,326005.0,,,,,,0,
GA,Georgia,07,,0,,,,Party Votes:,R,24201.0,,,,,,,,,,0,
GA,Georgia,07,,0,,,,Party Votes:,D,5593.0,,,,,,,,,,0,
GA,Georgia,07,,0,,,,District Votes:,,29794.0,,,,288301.0,,,,,,0,
GA,Georgia,08,,0,,,,Party Votes:,R,44907.0,,,,,,,,,,0,
GA,Georgia,08,,0,,,,Party Votes:,D,18647.0,,,,,,,,,,0,
GA,Georgia,08,,0,,,,District Votes:,,63554.0,,,,257208.0,,,,,,0,
GA,Georgia,09,,0,,,,Party Votes:,R,84995.0,,,,,,,,,,0,
GA,Georgia,09,,0,,,,District Votes:,,84995.0,,,,256535.0,,,,,,0,
GA,Georgia,10,,0,,,,Party Votes:,R,49062.0,,,,,,,,,,0,
GA,Georgia,10,,0,,,,District Votes:,,49062.0,,,,244611.0,,,,,,0,
GA,Georgia,11,,0,,,,Party Votes:,R,49611.0,,,,,,,,,,0,
GA,Georgia,11,,0,,,,Party Votes:,D,6861.0,,,,,,,,,,0,
GA,Georgia,11,,0,,,,District Votes:,,56472.0,,,,323318.0,,,,,,0,
GA,Georgia,12,,0,,,,Party Votes:,R,59127.0,,,,,,,,,,0,
GA,Georgia,12,,0,,,,Party Votes:,D,25925.0,,,,,,,,,,0,
GA,Georgia,12,,0,,,,District Votes:,,85052.0,,,,258912.0,,,,,,0,
GA,Georgia,13,,0,,,,Party Votes:,D,36214.0,,,,,,,,,,0,
GA,Georgia,13,,0,,,,District Votes:,,36214.0,,,,252833.0,,,,,,0,
GA,Georgia,14,,0,,,,Party Votes:,R,58508.0,,,,,,,,,,0,
GA,Georgia,14,,0,,,,District Votes:,,58508.0,,,,216953.0,,,,,,0,
GA,Georgia,H,,0,,,,Total State Votes:,,793290.0,,42334.0,,3772862.0,,,,,,0,
GU,Guam,00,,0,,,,Party Votes:,D,12834.0,,,,,,,,,,0,
GU,Guam,00,,0,,,,Party Votes:,R,7727.0,,,,,,,,,,0,
GU,Guam,00,,0,,,,Party Votes:,IP,4.0,,,,,,,,,,0,
GU,Guam,00,,0,,,,District Votes:,,20565.0,,,,34168.0,,,,,,0,
GU,Guam,H,,0,,,,Total State Votes:,,20565.0,,,,34168.0,,,,,,0,
HI,Hawaii,01,,0,,,,Party Votes:,D,92095.0,,,,,,,,,,0,
HI,Hawaii,01,,0,,,,Party Votes:,R,13645.0,,,,,,,,,,0,
HI,Hawaii,01,,0,,,,Party Votes:,LIB,446.0,,,,,,,,,,0,
HI,Hawaii,01,,0,,,,Party Votes:,N,552.0,,,,,,,,,,0,
HI,Hawaii,01,,0,,,,District Votes:,,106738.0,,,,202357.0,,,,,,0,
HI,Hawaii,02,,0,,,,Party Votes:,D,94669.0,,,,,,,,,,0,
HI,Hawaii,02,,0,,,,Party Votes:,R,13325.0,,,,,,,,,,0,
HI,Hawaii,02,,0,,,,Party Votes:,N,697.0,,,,,,,,,,0,
HI,Hawaii,02,,0,,,,District Votes:,,108691.0,,,,210516.0,,,,,,0,
HI,Hawaii,H,,0,,,,Total State Votes:,,215429.0,,,,611264.0,,,,,,0,
ID,Idaho,01,,0,,,,Party Votes:,R,63683.0,,,,,,,,,,0,
ID,Idaho,01,,0,,,,Party Votes:,D,12384.0,,,,,,,,,,0,
ID,Idaho,01,,0,,,,District Votes:,,76067.0,,,,355357.0,,,,,,0,
ID,Idaho,02,,0,,,,Party Votes:,R,64558.0,,,,,,,,,,0,
ID,Idaho,02,,0,,,,Party Votes:,D,13816.0,,,,,,,,,,0,
ID,Idaho,02,,0,,,,Party Votes:,CON,82.0,,,,,,,,,,0,
ID,Idaho,02,,0,,,,District Votes:,,78456.0,,,,326237.0,,,,,,0,
ID,Idaho,H,,0,,,,Total State Votes:,,154523.0,,,,681594.0,,,,,,0,
IL,Illinois,01,,0,,,,Party Votes:,D,179743.0,,,,,,,,,,0,
IL,Illinois,01,,0,,,,Party Votes:,R,33321.0,,,,,,,,,,0,
IL,Illinois,01,,0,,,,District Votes:,,213064.0,,,,315862.0,,,,,,0,
IL,Illinois,02,,0,,,,Party Votes:,D,156593.0,,,,,,,,,,0,
IL,Illinois,02,,0,,,,Party Votes:,R,277303.0,,,,,,,,,,0,
IL,Illinois,02,,0,,,,District Votes:,,433896.0,,,,294522.0,,,,,,0,
IL,Illinois,03,,0,,,,Party Votes:,D,107620.0,,,,,,,,,,0,
IL,Illinois,03,,0,,,,District Votes:,,107620.0,,,,225411.0,,,,,,0,
IL,Illinois,04,,0,,,,Party Votes:,D,123419.0,,,,,,,,,,0,
IL,Illinois,04,,0,,,,District Votes:,,123419.0,,,,171297.0,,,,,,0,
IL,Illinois,05,,0,,,,Party Votes:,D,127679.0,,,,,,,,,,0,
IL,Illinois,05,,0,,,,Party Votes:,GRE,271.0,,,,,,,,,,0,
IL,Illinois,05,,0,,,,District Votes:,,127950.0,,,,313724.0,,,,,,0,
IL,Illinois,06,,0,,,,Party Votes:,R,121178.0,,,,,,,,,,0,
IL,Illinois,06,,0,,,,Party Votes:,D,76128.0,,,,,,,,,,0,
IL,Illinois,06,,0,,,,District Votes:,,197306.0,,,,352146.0,,,,,,0,
IL,Illinois,07,,0,,,,Party Votes:,D,171664.0,,,,,,,,,,0,
IL,Illinois,07,,0,,,,District Votes:,R,171664.0,,,,297466.0,,,,,,0,
IL,Illinois,08,,0,,,,Party Votes:,D,78880.0,,,,,,,,,,0,
IL,Illinois,08,,0,,,,Party Votes:,R,51060.0,,,,,,,,,,0,
IL,Illinois,08,,0,,,,District Votes:,,129940.0,,,,248571.0,,,,,,0,
IL,Illinois,09,,0,,,,Party Votes:,D,134961.0,,,,,,,,,,0,
IL,Illinois,09,,0,,,,Party Votes:,R,47948.0,,,,,,,,,,0,
IL,Illinois,09,,0,,,,District Votes:,,182909.0,,,,326948.0,,,,,,0,
IL,Illinois,10,,0,,,,Party Votes:,D,94758.0,,,,,,,,,,0,
IL,Illinois,10,,0,,,,Party Votes:,R,61968.0,,,,,,,,,,0,
IL,Illinois,10,,0,,,,District Votes:,,156726.0,,,,285996.0,,,,,,0,
IL,Illinois,11,,0,,,,Party Votes:,D,82984.0,,,,,,,,,,0,
IL,Illinois,11,,0,,,,Party Votes:,R,61884.0,,,,,,,,,,0,
IL,Illinois,11,,0,,,,District Votes:,,144868.0,,,,275573.0,,,,,,0,
IL,Illinois,12,,0,,,,Party Votes:,R,74454.0,,,,,,,,,,0,
IL,Illinois,12,,0,,,,Party Votes:,D,70580.0,,,,,,,,,,0,
IL,Illinois,12,,0,,,,Party Votes:,GRE,146.0,,,,,,,,,,0,
IL,Illinois,12,,0,,,,District Votes:,,145180.0,,,,313002.0,,,,,,0,
IL,Illinois,13,,0,,,,Party Votes:,R,92848.0,,,,,,,,,,0,
IL,Illinois,13,,0,,,,Party Votes:,D,71430.0,,,,,,,,,,0,
IL,Illinois,13,,0,,,,District Votes:,,164278.0,,,,314394.0,,,,,,0,
IL,Illinois,14,,0,,,,Party Votes:,R,101299.0,,,,,,,,,,0,
IL,Illinois,14,,0,,,,Party Votes:,D,64883.0,,,,,,,,,,0,
IL,Illinois,14,,0,,,,District Votes:,,166182.0,,,,338097.0,,,,,,0,
IL,Illinois,15,,0,,,,Party Votes:,R,126792.0,,,,,,,,,,0,
IL,Illinois,15,,0,,,,District Votes:,,126792.0,,,,274554.0,,,,,,0,
IL,Illinois,16,,0,,,,Party Votes:,R,101423.0,,,,,,,,,,0,
IL,Illinois,16,,0,,,,District Votes:,,101423.0,,,,259853.0,,,,,,0,
IL,Illinois,17,,0,,,,Party Votes:,D,70319.0,,,,,,,,,,0,
IL,Illinois,17,,0,,,,Party Votes:,R,69210.0,,,,,,,,,,0,
IL,Illinois,17,,0,,,,District Votes:,,139529.0,,,,287068.0,,,,,,0,
IL,Illinois,18,,0,,,,Party Votes:,R,130419.0,,,,,,,,,,0,
IL,Illinois,18,,0,,,,Party Votes:,D,148.0,,,,,,,,,,0,
IL,Illinois,18,,0,,,,District Votes:,,130567.0,,,,347283.0,,,,,,0,
IL,Illinois,H,,0,,,,Total State Votes:,,2963313.0,,,,5241767.0,,,,,,0,
IN,Indiana,01,,0,,,,Party Votes:,D,96410.0,,,,,,,,,,0,
IN,Indiana,01,,0,,,,District Votes:,,96410.0,,,,254583.0,,,,,,0,
IN,Indiana,02,,0,,,,Party Votes:,R,110923.0,,,,,,,,,,0,
IN,Indiana,02,,0,,,,Party Votes:,D,53385.0,,,,,,,,,,0,
IN,Indiana,02,,0,,,,District Votes:,,164308.0,,,,277357.0,,,,,,0,
IN,Indiana,03,,0,,,,Party Votes:,R,135698.0,,,,,,,,,,0,
IN,Indiana,03,,0,,,,Party Votes:,D,40710.0,,,,,,,,,,0,
IN,Indiana,03,,0,,,,District Votes:,,176408.0,,,,287247.0,,,,,,0,
IN,Indiana,04,,0,,,,Party Votes:,R,124251.0,,,,,,,,,,0,
IN,Indiana,04,,0,,,,Party Votes:,D,43401.0,,,,,,,,,,0,
IN,Indiana,04,,0,,,,District Votes:,,167652.0,,,,299434.0,,,,,,0,
IN,Indiana,05,,0,,,,Party Votes:,R,136986.0,,,,,,,,,,0,
IN,Indiana,05,,0,,,,Party Votes:,D,70117.0,,,,,,,,,,0,
IN,Indiana,05,,0,,,,District Votes:,,207103.0,,,,361135.0,,,,,,0,
IN,Indiana,06,,0,,,,Party Votes:,R,118238.0,,,,,,,,,,0,
IN,Indiana,06,,0,,,,Party Votes:,D,42865.0,,,,,,,,,,0,
IN,Indiana,06,,0,,,,District Votes:,,161103.0,,,,296385.0,,,,,,0,
IN,Indiana,07,,0,,,,Party Votes:,D,81747.0,,,,,,,,,,0,
IN,Indiana,07,,0,,,,Party Votes:,R,57500.0,,,,,,,,,,0,
IN,Indiana,07,,0,,,,District Votes:,,139247.0,,,,264670.0,,,,,,0,
IN,Indiana,08,,0,,,,Party Votes:,R,112057.0,,,,,,,,,,0,
IN,Indiana,08,,0,,,,Party Votes:,D,58476.0,,,,,,,,,,0,
IN,Indiana,08,,0,,,,District Votes:,,170533.0,,,,294713.0,,,,,,0,
IN,Indiana,09,,0,,,,Party Votes:,R,121512.0,,,,,,,,,,0,
IN,Indiana,09,,0,,,,Party Votes:,D,63115.0,,,,,,,,,,0,
IN,Indiana,09,,0,,,,District Votes:,,184627.0,,,,322843.0,,,,,,0,
IN,Indiana,H,,0,,,,Total State Votes:,,1467391.0,,,,2658367.0,,,,,,0,
IA,Iowa,01,,0,,,,Party Votes:,R,13499.0,,,,,,,,,,0,
IA,Iowa,01,,0,,,,Party Votes:,D,31160.0,,,,,,,,,,0,
IA,Iowa,01,,0,,,,District Votes:,,44659.0,,,,384977.0,,,,,,0,
IA,Iowa,02,,0,,,,Party Votes:,D,23976.0,,,,,,,,,,0,
IA,Iowa,02,,0,,,,Party Votes:,R,15094.0,,,,,,,,,,0,
IA,Iowa,02,,0,,,,District Votes:,,39070.0,,,,370032.0,,,,,,0,
IA,Iowa,03,,0,,,,Party Votes:,R,21205.0,,,,,,,,,,0,
IA,Iowa,03,,0,,,,Party Votes:,D,26285.0,,,,,,,,,,0,
IA,Iowa,03,,0,,,,District Votes:,,47490.0,,,,390287.0,,,,,,0,
IA,Iowa,04,,0,,,,Party Votes:,R,45019.0,,,,,,,,,,0,
IA,Iowa,04,,0,,,,Party Votes:,D,12800.0,,,,,,,,,,0,
IA,Iowa,04,,0,,,,District Votes:,,57819.0,,,,370259.0,,,,,,0,
IA,Iowa,H,,0,,,,Total State Votes:,,189038.0,,,,1515555.0,,,,,,0,
KS,Kansas,01,,0,,,,Party Votes:,R,105886.0,,,,,,,,,,0,
KS,Kansas,01,,0,,,,District Votes:,,105886.0,,,,257971.0,,,,,,0,
KS,Kansas,02,,0,,,,Party Votes:,R,54958.0,,,,,,,,,,0,
KS,Kansas,02,,0,,,,Party Votes:,D,24383.0,,,,,,,,,,0,
KS,Kansas,02,,0,,,,District Votes:,,79341.0,,,,297401.0,,,,,,0,
KS,Kansas,03,,0,,,,Party Votes:,R,59244.0,,,,,,,,,,0,
KS,Kansas,03,,0,,,,Party Votes:,D,33419.0,,,,,,,,,,0,
KS,Kansas,03,,0,,,,District Votes:,,92663.0,,,,343113.0,,,,,,0,
KS,Kansas,04,,0,,,,Party Votes:,R,56808.0,,,,,,,,,,0,
KS,Kansas,04,,0,,,,Party Votes:,D,18425.0,,,,,,,,,,0,
KS,Kansas,04,,0,,,,District Votes:,,75233.0,,,,275251.0,,,,,,0,
KS,Kansas,H,,0,,,,Total State Votes:,,353123.0,,,,1173736.0,,,,,,0,
KY,Kentucky,01,,0,,,,Party Votes:,R,40173.0,,,,,,,,,,0,
KY,Kentucky,01,,0,,,,District Votes:,,40173.0,,,,299001.0,,,,,,0,
KY,Kentucky,02,,0,,,,District Votes:,,,,,,251825.0,,,,,,0,
KY,Kentucky,03,,0,,,,Party Votes:,R,21510.0,,,,,,,,,,0,
KY,Kentucky,03,,0,,,,District Votes:,,21510.0,,,,334494.0,,,,,,0,
KY,Kentucky,04,,0,,,,District Votes:,,,,,,327987.0,,,,,,0,
KY,Kentucky,05,,0,,,,Party Votes:,R,43653.0,,,,,,,,,,0,
KY,Kentucky,05,,0,,,,District Votes:,,43653.0,,,,221242.0,,,,,,0,
KY,Kentucky,06,,0,,,,Party Votes:,R,29820.0,,,,,,,,,,0,
KY,Kentucky,06,,0,,,,Party Votes:,D,79212.0,,,,,,,,,,0,
KY,Kentucky,06,,0,,,,District Votes:,,109032.0,,,,330827.0,,,,,,0,
KY,Kentucky,H,,0,,,,Total State Votes:,,214368.0,,,,2055999.0,,,,,,0,
LA,Louisiana,01,,0,,,,District Votes:,,,,,,326788.0,,,,,,0,"*  In Louisiana, a Congressional primary election is not held. In 2016, the election for candidates seeking Federal office was the General Election held on November 8, 2016, with a Runoff Election held on December 10, 2016, if necessary."
LA,Louisiana,02,,0,,,,District Votes:,,,,,,284269.0,,,,,,0,"*  In Louisiana, a Congressional primary election is not held. In 2016, the election for candidates seeking Federal office was the General Election held on November 8, 2016, with a Runoff Election held on December 10, 2016, if necessary."
LA,Louisiana,03,,0,,,,District Votes:,,,,,,320454.0,,138433.0,,,,0,"*  In Louisiana, a Congressional primary election is not held. In 2016, the election for candidates seeking Federal office was the General Election held on November 8, 2016, with a Runoff Election held on December 10, 2016, if necessary."
LA,Louisiana,04,,0,,,,District Votes:,,,,,,285985.0,,,,,,0,"*  In Louisiana, a Congressional primary election is not held. In 2016, the election for candidates seeking Federal office was the General Election held on November 8, 2016, with a Runoff Election held on December 10, 2016, if necessary."
LA,Louisiana,05,,0,,,,District Votes:,,,,,,255662.0,,133949.0,,,,0,"*  In Louisiana, a Congressional primary election is not held. In 2016, the election for candidates seeking Federal office was the General Election held on November 8, 2016, with a Runoff Election held on December 10, 2016, if necessary."
LA,Louisiana,06,,0,,,,District Votes:,,,,,,331098.0,,,,,,0,"*  In Louisiana, a Congressional primary election is not held. In 2016, the election for candidates seeking Federal office was the General Election held on November 8, 2016, with a Runoff Election held on December 10, 2016, if necessary."
LA,Louisiana,H,,0,,,,Total State Votes:,,,,,,1804256.0,,272382.0,,,,0,"*  In Louisiana, a Congressional primary election is not held. In 2016, the election for candidates seeking Federal office was the General Election held on November 8, 2016, with a Runoff Election held on December 10, 2016, if necessary."
ME,Maine,01,,0,,,,Party Votes:,D,28143.0,,,,,,,,,,0,
ME,Maine,01,,0,,,,Party Votes:,R,20663.0,,,,,,,,,,0,
ME,Maine,01,,0,,,,District Votes:,,48806.0,,,,392391.0,,,,,,0,
ME,Maine,02,,0,,,,Party Votes:,R,19252.0,,,,,,,,,,0,
ME,Maine,02,,0,,,,Party Votes:,D,19003.0,,,,,,,,,,0,
ME,Maine,02,,0,,,,District Votes:,,38255.0,,,,352183.0,,,,,,0,
ME,Maine,H,,0,,,,Total State Votes:,,87061.0,,,,744574.0,,,,,,0,
MD,Maryland,01,,0,,,,Party Votes:,R,101420.0,,,,,,,,,,0,
MD,Maryland,01,,0,,,,Party Votes:,D,58276.0,,,,,,,,,,0,
MD,Maryland,01,,0,,,,District Votes:,,159696.0,,,,362097.0,,,,,,0,
MD,Maryland,02,,0,,,,Party Votes:,D,89820.0,,,,,,,,,,0,
MD,Maryland,02,,0,,,,Party Votes:,R,39761.0,,,,,,,,,,0,
MD,Maryland,02,,0,,,,District Votes:,,129581.0,,,,309480.0,,,,,,0,
MD,Maryland,03,,0,,,,Party Votes:,D,116272.0,,,,,,,,,,0,
MD,Maryland,03,,0,,,,Party Votes:,R,40019.0,,,,,,,,,,0,
MD,Maryland,03,,0,,,,District Votes:,,156291.0,,,,339675.0,,,,,,0,
MD,Maryland,04,,0,,,,Party Votes:,D,114623.0,,,,,,,,,,0,
MD,Maryland,04,,0,,,,Party Votes:,R,23781.0,,,,,,,,,,0,
MD,Maryland,04,,0,,,,District Votes:,,138404.0,,,,320650.0,,,,,,0,
MD,Maryland,05,,0,,,,Party Votes:,D,110411.0,,,,,,,,,,0,
MD,Maryland,05,,0,,,,Party Votes:,R,42459.0,,,,,,,,,,0,
MD,Maryland,05,,0,,,,District Votes:,,152870.0,,,,360634.0,,,,,,0,
MD,Maryland,06,,0,,,,Party Votes:,D,81660.0,,,,,,,,,,0,
MD,Maryland,06,,0,,,,Party Votes:,R,61279.0,,,,,,,,,,0,
MD,Maryland,06,,0,,,,District Votes:,,142939.0,,,,331973.0,,,,,,0,
MD,Maryland,07,,0,,,,Party Votes:,D,141827.0,,,,,,,,,,0,
MD,Maryland,07,,0,,,,Party Votes:,R,25595.0,,,,,,,,,,0,
MD,Maryland,07,,0,,,,District Votes:,,167422.0,,,,318912.0,,,,,,0,
MD,Maryland,08,,0,,,,Party Votes:,D,130403.0,,,,,,,,,,0,
MD,Maryland,08,,0,,,,Party Votes:,R,46541.0,,,,,,,,,,0,
MD,Maryland,08,,0,,,,District Votes:,,176944.0,,,,364324.0,,,,,,0,
MD,Maryland,H,,0,,,,Total State Votes:,,1224147.0,,,,2707745.0,,,,,,0,
MA,Massachusetts,01,,0,,,,Party Votes:,D,45563.0,,,,,,,,,,0,
MA,Massachusetts,01,,0,,,,District Votes:,,45563.0,,,,321539.0,,,,,,0,
MA,Massachusetts,02,,0,,,,Party Votes:,D,21728.0,,,,,,,,,,0,
MA,Massachusetts,02,,0,,,,District Votes:,,21728.0,,,,280411.0,,,,,,0,
MA,Massachusetts,03,,0,,,,Party Votes:,D,21338.0,,,,,,,,,,0,
MA,Massachusetts,03,,0,,,,Party Votes:,R,5828.0,,,,,,,,,,0,
MA,Massachusetts,03,,0,,,,District Votes:,,27166.0,,,,344592.0,,,,,,0,
MA,Massachusetts,04,,0,,,,Party Votes:,D,16065.0,,,,,,,,,,0,
MA,Massachusetts,04,,0,,,,Party Votes:,R,4386.0,,,,,,,,,,0,
MA,Massachusetts,04,,0,,,,District Votes:,,20451.0,,,,379213.0,,,,,,0,
MA,Massachusetts,05,,0,,,,Party Votes:,D,30521.0,,,,,,,,,,0,
MA,Massachusetts,05,,0,,,,District Votes:,,30521.0,,,,289807.0,,,,,,0,
MA,Massachusetts,06,,0,,,,Party Votes:,D,28473.0,,,,,,,,,,0,
MA,Massachusetts,06,,0,,,,District Votes:,,28473.0,,,,314055.0,,,,,,0,
MA,Massachusetts,07,,0,,,,Party Votes:,D,38213.0,,,,,,,,,,0,
MA,Massachusetts,07,,0,,,,District Votes:,,38213.0,,,,256911.0,,,,,,0,
MA,Massachusetts,08,,0,,,,Party Votes:,D,28072.0,,,,,,,,,,0,
MA,Massachusetts,08,,0,,,,Party Votes:,R,6147.0,,,,,,,,,,0,
MA,Massachusetts,08,,0,,,,District Votes:,,34219.0,,,,374265.0,,,,,,0,
MA,Massachusetts,09,,0,,,,Party Votes:,D,31289.0,,,,,,,,,,0,
MA,Massachusetts,09,,0,,,,Party Votes:,R,20154.0,,,,,,,,,,0,
MA,Massachusetts,09,,0,,,,District Votes:,,51443.0,,,,379895.0,,,,,,0,
MA,Massachusetts,H,,0,,,,Total State Votes:,,297777.0,,,,2940688.0,,,,,,0,
MI,Michigan,01,,0,,,,Party Votes:,R,87052.0,,,,,,,,,,0,
MI,Michigan,01,,0,,,,Party Votes:,D,44216.0,,,,,,,,,,0,
MI,Michigan,01,,0,,,,District Votes:,,131268.0,,,,360271.0,,,,,,0,
MI,Michigan,02,,0,,,,Party Votes:,R,60844.0,,,,,,,,,,0,
MI,Michigan,02,,0,,,,Party Votes:,D,26498.0,,,,,,,,,,0,
MI,Michigan,02,,0,,,,District Votes:,,87342.0,,,,339328.0,,,,,,0,
MI,Michigan,03,,0,,,,Party Votes:,R,55889.0,,,,,,,,,,0,
MI,Michigan,03,,0,,,,Party Votes:,D,20352.0,,,,,,,,,,0,
MI,Michigan,03,,0,,,,District Votes:,,76241.0,,,,342365.0,,,,,,0,
MI,Michigan,04,,0,,,,Party Votes:,R,57886.0,,,,,,,,,,0,
MI,Michigan,04,,0,,,,Party Votes:,D,2013.0,,,,,,,,,,0,
MI,Michigan,04,,0,,,,District Votes:,,59899.0,,,,315751.0,,,,,,0,
MI,Michigan,05,,0,,,,Party Votes:,D,59090.0,,,,,,,,,,0,
MI,Michigan,05,,0,,,,Party Votes:,R,18246.0,,,,,,,,,,0,
MI,Michigan,05,,0,,,,District Votes:,,77336.0,,,,319291.0,,,,,,0,
MI,Michigan,06,,0,,,,Party Votes:,R,49733.0,,,,,,,,,,0,
MI,Michigan,06,,0,,,,Party Votes:,D,21622.0,,,,,,,,,,0,
MI,Michigan,06,,0,,,,District Votes:,,71355.0,,,,329565.0,,,,,,0,
MI,Michigan,07,,0,,,,Party Votes:,R,57367.0,,,,,,,,,,0,
MI,Michigan,07,,0,,,,Party Votes:,D,25611.0,,,,,,,,,,0,
MI,Michigan,07,,0,,,,District Votes:,,82978.0,,,,334807.0,,,,,,0,
MI,Michigan,08,,0,,,,Party Votes:,R,56424.0,,,,,,,,,,0,
MI,Michigan,08,,0,,,,Party Votes:,D,28810.0,,,,,,,,,,0,
MI,Michigan,08,,0,,,,District Votes:,,85234.0,,,,366968.0,,,,,,0,
MI,Michigan,09,,0,,,,Party Votes:,D,48393.0,,,,,,,,,,0,
MI,Michigan,09,,0,,,,Party Votes:,R,32964.0,,,,,,,,,,0,
MI,Michigan,09,,0,,,,District Votes:,,81357.0,,,,344775.0,,,,,,0,
MI,Michigan,10,,0,,,,Party Votes:,R,79350.0,,,,,,,,,,0,
MI,Michigan,10,,0,,,,Party Votes:,D,20710.0,,,,,,,,,,0,
MI,Michigan,10,,0,,,,District Votes:,,100060.0,,,,340983.0,,,,,,0,
MI,Michigan,11,,0,,,,Party Votes:,R,51221.0,,,,,,,,,,0,
MI,Michigan,11,,0,,,,Party Votes:,D,29349.0,,,,,,,,,,0,
MI,Michigan,11,,0,,,,District Votes:,,80570.0,,,,379488.0,,,,,,0,
MI,Michigan,12,,0,,,,Party Votes:,D,55046.0,,,,,,,,,,0,
MI,Michigan,12,,0,,,,Party Votes:,R,15115.0,,,,,,,,,,0,
MI,Michigan,12,,0,,,,District Votes:,,70161.0,,,,328542.0,,,,,,0,
MI,Michigan,13,,0,,,,Party Votes:,D,50936.0,,,,,,,,,,0,
MI,Michigan,13,,0,,,,Party Votes:,R,4894.0,,,,,,,,,,0,
MI,Michigan,13,,0,,,,District Votes:,,55830.0,,,,257797.0,,,,,,0,
MI,Michigan,14,,0,,,,Party Votes:,D,63567.0,,,,,,,,,,0,
MI,Michigan,14,,0,,,,Party Votes:,R,10964.0,,,,,,,,,,0,
MI,Michigan,14,,0,,,,District Votes:,,74531.0,,,,310974.0,,,,,,0,
MI,Michigan,H,,0,,,,Total State Votes:,,1134162.0,,,,4670905.0,,,,,,0,
MN,Minnesota,01,,0,,,,Party Votes:,DFL,13538.0,,,,,,,,,,0,
MN,Minnesota,01,,0,,,,Party Votes:,R,14181.0,,,,,,,,,,0,
MN,Minnesota,01,,0,,,,District Votes:,,27719.0,,,,335877.0,,,,,,0,
MN,Minnesota,02,,0,,,,Party Votes:,R,23802.0,,,,,,,,,,0,
MN,Minnesota,02,,0,,,,Party Votes:,DFL,15155.0,,,,,,,,,,0,
MN,Minnesota,02,,0,,,,District Votes:,,38957.0,,,,370514.0,,,,,,0,
MN,Minnesota,03,,0,,,,District Votes:,,,,,,393464.0,,,,,,0,
MN,Minnesota,04,,0,,,,Party Votes:,DFL,35464.0,,,,,,,,,,0,
MN,Minnesota,04,,0,,,,Party Votes:,R,6853.0,,,,,,,,,,0,
MN,Minnesota,04,,0,,,,District Votes:,,42317.0,,,,351944.0,,,,,,0,
MN,Minnesota,05,,0,,,,Party Votes:,DFL,44024.0,,,,,,,,,,0,
MN,Minnesota,05,,0,,,,Party Votes:,R,4177.0,,,,,,,,,,0,
MN,Minnesota,05,,0,,,,District Votes:,,48201.0,,,,361882.0,,,,,,0,
MN,Minnesota,06,,0,,,,Party Votes:,R,19771.0,,,,,,,,,,0,
MN,Minnesota,06,,0,,,,Party Votes:,DFL,9566.0,,,,,,,,,,0,
MN,Minnesota,06,,0,,,,District Votes:,,29337.0,,,,358924.0,,,,,,0,
MN,Minnesota,07,,0,,,,Party Votes:,DFL,16253.0,,,,,,,,,,0,
MN,Minnesota,07,,0,,,,Party Votes:,R,14873.0,,,,,,,,,,0,
MN,Minnesota,07,,0,,,,District Votes:,,31126.0,,,,330848.0,,,,,,0,
MN,Minnesota,08,,0,,,,District Votes:,,,,,,356979.0,,,,,,0,
MN,Minnesota,H,,0,,,,Total State Votes:,,217657.0,,,,2860432.0,,,,,,0,
MS,Mississippi,01,,0,,,,Party Votes:,R,106446.0,,,,,,,,,,0,
MS,Mississippi,01,,0,,,,District Votes:,,106446.0,,,,300423.0,,,,,,0,
MS,Mississippi,02,,0,,,,Party Votes:,R,35871.0,,,,,,,,,,0,
MS,Mississippi,02,,0,,,,District Votes:,,35871.0,,,,286626.0,,,,,,0,
MS,Mississippi,03,,0,,,,Party Votes:,R,98757.0,,,,,,,,,,0,
MS,Mississippi,03,,0,,,,Party Votes:,D,44533.0,,,,,,,,,,0,
MS,Mississippi,03,,0,,,,District Votes:,,143290.0,,,,316445.0,,,,,,0,
MS,Mississippi,04,,0,,,,Party Votes:,R,103558.0,,,,,,,,,,0,
MS,Mississippi,04,,0,,,,District Votes:,,103558.0,,,,278779.0,,,,,,0,
MS,Mississippi,H,,0,,,,Total State Votes:,,389165.0,,,,1182273.0,,,,,,0,
MO,Missouri,01,,0,,,,Party Votes:,D,89620.0,,,,,,,,,,0,
MO,Missouri,01,,0,,,,Party Votes:,R,18517.0,,,,,,,,,,0,
MO,Missouri,01,,0,,,,Party Votes:,LIB,367.0,,,,,,,,,,0,
MO,Missouri,01,,0,,,,District Votes:,,108504.0,,,,314024.0,,,,,,0,
MO,Missouri,02,,0,,,,Party Votes:,R,93347.0,,,,,,,,,,0,
MO,Missouri,02,,0,,,,Party Votes:,D,40379.0,,,,,,,,,,0,
MO,Missouri,02,,0,,,,Party Votes:,LIB,553.0,,,,,,,,,,0,
MO,Missouri,02,,0,,,,District Votes:,,134279.0,,,,413296.0,,,,,,0,
MO,Missouri,03,,0,,,,Party Votes:,R,114714.0,,,,,,,,,,0,
MO,Missouri,03,,0,,,,Party Votes:,D,26369.0,,,,,,,,,,0,
MO,Missouri,03,,0,,,,Party Votes:,LIB,483.0,,,,,,,,,,0,
MO,Missouri,03,,0,,,,Party Votes:,CON,80.0,,,,,,,,,,0,
MO,Missouri,03,,0,,,,District Votes:,,141646.0,,,,368333.0,,,,,,0,
MO,Missouri,04,,0,,,,Party Votes:,R,101890.0,,,,,,,,,,0,
MO,Missouri,04,,0,,,,Party Votes:,D,27356.0,,,,,,,,,,0,
MO,Missouri,04,,0,,,,Party Votes:,LIB,521.0,,,,,,,,,,0,
MO,Missouri,04,,0,,,,District Votes:,,129767.0,,,,332234.0,,,,,,0,
MO,Missouri,05,,0,,,,Party Votes:,D,55274.0,,,,,,,,,,0,
MO,Missouri,05,,0,,,,Party Votes:,R,41297.0,,,,,,,,,,0,
MO,Missouri,05,,0,,,,Party Votes:,LIB,577.0,,,,,,,,,,0,
MO,Missouri,05,,0,,,,District Votes:,,97148.0,,,,324270.0,,,,,,0,
MO,Missouri,06,,0,,,,Party Votes:,R,82360.0,,,,,,,,,,0,
MO,Missouri,06,,0,,,,Party Votes:,D,28534.0,,,,,,,,,,0,
MO,Missouri,06,,0,,,,Party Votes:,LIB,385.0,,,,,,,,,,0,
MO,Missouri,06,,0,,,,District Votes:,,111279.0,,,,350444.0,,,,,,0,
MO,Missouri,07,,0,,,,Party Votes:,R,107441.0,,,,,,,,,,0,
MO,Missouri,07,,0,,,,Party Votes:,D,18031.0,,,,,,,,,,0,
MO,Missouri,07,,0,,,,Party Votes:,LIB,398.0,,,,,,,,,,0,
MO,Missouri,07,,0,,,,District Votes:,,125870.0,,,,338607.0,,,,,,0,
MO,Missouri,08,,0,,,,Party Votes:,R,96958.0,,,,,,,,,,0,
MO,Missouri,08,,0,,,,Party Votes:,D,22314.0,,,,,,,,,,0,
MO,Missouri,08,,0,,,,Party Votes:,LIB,254.0,,,,,,,,,,0,
MO,Missouri,08,,0,,,,District Votes:,,119526.0,,,,308871.0,,,,,,0,
MO,Missouri,H,,0,,,,Total State Votes:,,968019.0,,,,2750079.0,,,,,,0,
MT,Montana,00,,0,,,,Party Votes:,R,144662.0,,,,,,,,,,0,
MT,Montana,00,,0,,,,Party Votes:,D,112821.0,,,,,,,,,,0,
MT,Montana,00,,0,,,,District Votes:,,257483.0,,,,507831.0,,,,,,0,
MT,Montana,H,,0,,,,Total State Votes:,,257483.0,,,,507831.0,,,,,,0,
NE,Nebraska,01,,0,,,,Party Votes:,R,62704.0,,,,,,,,,,0,
NE,Nebraska,01,,0,,,,Party Votes:,D,25762.0,,,,,,,,,,0,
NE,Nebraska,01,,0,,,,District Votes:,,88466.0,,,,273238.0,,,,,,0,
NE,Nebraska,02,,0,,,,Party Votes:,R,49005.0,,,,,,,,,,0,
NE,Nebraska,02,,0,,,,Party Votes:,D,23470.0,,,,,,,,,,0,
NE,Nebraska,02,,0,,,,Party Votes:,LIB,234.0,,,,,,,,,,0,
NE,Nebraska,02,,0,,,,District Votes:,,72709.0,,,,288308.0,,,,,,0,
NE,Nebraska,03,,0,,,,Party Votes:,R,78154.0,,,,,,,,,,0,
NE,Nebraska,03,,0,,,,District Votes:,,78154.0,,,,226720.0,,,,,,0,
NE,Nebraska,H,,0,,,,Total State Votes:,,239329.0,,,,788266.0,,,,,,0,
NV,Nevada,01,,0,,,,Party Votes:,D,18885.0,,,,,,,,,,0,
NV,Nevada,01,,0,,,,Party Votes:,R,10333.0,,,,,,,,,,0,
NV,Nevada,01,,0,,,,District Votes:,,29218.0,,,,188352.0,,,,,,0,
NV,Nevada,02,,0,,,,Party Votes:,D,25119.0,,,,,,,,,,0,
NV,Nevada,02,,0,,,,District Votes:,,25119.0,,,,313336.0,,,,,,0,
NV,Nevada,03,,0,,,,Party Votes:,D,22868.0,,,,,,,,,,0,
NV,Nevada,03,,0,,,,Party Votes:,R,28146.0,,,,,,,,,,0,
NV,Nevada,03,,0,,,,District Votes:,,51014.0,,,,310963.0,,,,,,0,
NV,Nevada,04,,0,,,,Party Votes:,D,30602.0,,,,,,,,,,0,
NV,Nevada,04,,0,,,,Party Votes:,R,24236.0,,,,,,,,,,0,
NV,Nevada,04,,0,,,,District Votes:,,54838.0,,,,265846.0,,,,,,0,
NV,Nevada,H,,0,,,,Total State Votes:,,160189.0,,,,1078497.0,,,,,,0,
NH,New Hampshire,01,,0,,,,Party Votes:,D,32795.0,,,,,,,,,,0,
NH,New Hampshire,01,,0,,,,Party Votes:,R,56810.0,,,,,,,,,,0,
NH,New Hampshire,01,,0,,,,District Votes:,,89605.0,,,,365984.0,,,,,,0,
NH,New Hampshire,02,,0,,,,Party Votes:,D,36932.0,,,,,,,,,,0,
NH,New Hampshire,02,,0,,,,Party Votes:,R,43285.0,,,,,,,,,,0,
NH,New Hampshire,02,,0,,,,District Votes:,,80217.0,,,,350793.0,,,,,,0,
NH,New Hampshire,H,,0,,,,Total State Votes:,,169822.0,,,,716777.0,,,,,,0,
NJ,New Jersey,01,,0,,,,Party Votes:,D,80739.0,,,,,,,,,,0,
NJ,New Jersey,01,,0,,,,Party Votes:,R,23813.0,,,,,,,,,,0,
NJ,New Jersey,01,,0,,,,District Votes:,,104552.0,,,,305473.0,,,,,,0,
NJ,New Jersey,02,,0,,,,Party Votes:,R,39913.0,,,,,,,,,,0,
NJ,New Jersey,02,,0,,,,Party Votes:,D,41893.0,,,,,,,,,,0,
NJ,New Jersey,02,,0,,,,District Votes:,,81806.0,,,,297795.0,,,,,,0,
NJ,New Jersey,03,,0,,,,Party Votes:,R,46264.0,,,,,,,,,,0,
NJ,New Jersey,03,,0,,,,Party Votes:,D,52489.0,,,,,,,,,,0,
NJ,New Jersey,03,,0,,,,District Votes:,,98753.0,,,,328060.0,,,,,,0,
NJ,New Jersey,04,,0,,,,Party Votes:,R,45434.0,,,,,,,,,,0,
NJ,New Jersey,04,,0,,,,Party Votes:,D,40528.0,,,,,,,,,,0,
NJ,New Jersey,04,,0,,,,District Votes:,,85962.0,,,,332684.0,,,,,,0,
NJ,New Jersey,05,,0,,,,Party Votes:,D,43250.0,,,,,,,,,,0,
NJ,New Jersey,05,,0,,,,Party Votes:,R,51315.0,,,,,,,,,,0,
NJ,New Jersey,05,,0,,,,District Votes:,,94565.0,,,,337701.0,,,,,,0,
NJ,New Jersey,06,,0,,,,Party Votes:,D,52231.0,,,,,,,,,,0,
NJ,New Jersey,06,,0,,,,Party Votes:,R,17856.0,,,,,,,,,,0,
NJ,New Jersey,06,,0,,,,District Votes:,,70087.0,,,,263435.0,,,,,,0,
NJ,New Jersey,07,,0,,,,Party Votes:,R,59006.0,,,,,,,,,,0,
NJ,New Jersey,07,,0,,,,Party Votes:,D,46152.0,,,,,,,,,,0,
NJ,New Jersey,07,,0,,,,District Votes:,,105158.0,,,,343635.0,,,,,,0,
NJ,New Jersey,08,,0,,,,Party Votes:,D,52921.0,,,,,,,,,,0,
NJ,New Jersey,08,,0,,,,Party Votes:,R,4679.0,,,,,,,,,,0,
NJ,New Jersey,08,,0,,,,District Votes:,,57600.0,,,,174889.0,,,,,,0,
NJ,New Jersey,09,,0,,,,Party Votes:,D,47671.0,,,,,,,,,,0,
NJ,New Jersey,09,,0,,,,Party Votes:,R,12757.0,,,,,,,,,,0,
NJ,New Jersey,09,,0,,,,District Votes:,,60428.0,,,,233242.0,,,,,,0,
NJ,New Jersey,10,,0,,,,Party Votes:,D,75175.0,,,,,,,,,,0,
NJ,New Jersey,10,,0,,,,Party Votes:,R,3395.0,,,,,,,,,,0,
NJ,New Jersey,10,,0,,,,District Votes:,,78570.0,,,,222771.0,,,,,,0,
NJ,New Jersey,11,,0,,,,Party Votes:,R,58527.0,,,,,,,,,,0,
NJ,New Jersey,11,,0,,,,Party Votes:,D,49238.0,,,,,,,,,,0,
NJ,New Jersey,11,,0,,,,District Votes:,,107765.0,,,,334992.0,,,,,,0,
NJ,New Jersey,12,,0,,,,Party Votes:,D,71004.0,,,,,,,,,,0,
NJ,New Jersey,12,,0,,,,Party Votes:,R,18640.0,,,,,,,,,,0,
NJ,New Jersey,12,,0,,,,District Votes:,,89644.0,,,,288634.0,,,,,,0,
NJ,New Jersey,H,,0,,,,Total State Votes:,,1034890.0,,,,3463311.0,,,,,,0,
NM,New Mexico,01,,0,,,,Party Votes:,D,69216.0,,,,,,,,,,0,
NM,New Mexico,01,,0,,,,Party Votes:,R,27973.0,,,,,,,,,,0,
NM,New Mexico,01,,0,,,,District Votes:,,97189.0,,,,277967.0,,,,,,0,
NM,New Mexico,02,,0,,,,Party Votes:,R,36722.0,,,,,,,,,,0,
NM,New Mexico,02,,0,,,,Party Votes:,D,37455.0,,,,,,,,,,0,
NM,New Mexico,02,,0,,,,District Votes:,,74177.0,,,,228817.0,,,,,,0,
NM,New Mexico,03,,0,,,,Party Votes:,D,76789.0,,,,,,,,,,0,
NM,New Mexico,03,,0,,,,Party Votes:,R,27444.0,,,,,,,,,,0,
NM,New Mexico,03,,0,,,,District Votes:,,104233.0,,,,273342.0,,,,,,0,
NM,New Mexico,H,,0,,,,Total State Votes:,,275599.0,,,,780126.0,,,,,,0,
NY,New York,01,,0,,,,Party Votes:,D,12641.0,,,,,,,,,,0,
NY,New York,01,,0,,,,Party Votes:,WEP,2.0,,,,,,,,,,0,
NY,New York,01,,0,,,,District Votes:,,12643.0,,,,323890.0,,,,,,0,
NY,New York,02,,0,,,,District Votes:,,,,,,292595.0,,,,,,0,
NY,New York,03,,0,,,,Party Votes:,D,20343.0,,,,,,,,,,0,
NY,New York,03,,0,,,,District Votes:,,20343.0,,,,324254.0,,,,,,0,
NY,New York,04,,0,,,,District Votes:,,,,,,313000.0,,,,,,0,
NY,New York,05,,0,,,,Party Votes:,D,8635.0,,,,,,,,,,0,
NY,New York,05,,0,,,,District Votes:,,8635.0,,,,233853.0,,,,,,0,
NY,New York,06,,0,,,,Party Votes:,REF,2.0,,,,,,,,,,0,
NY,New York,06,,0,,,,District Votes:,,2.0,,,,189433.0,,,,,,0,
NY,New York,07,,0,,,,Party Votes:,D,16377.0,,,,,,,,,,0,
NY,New York,07,,0,,,,District Votes:,,16377.0,,,,189890.0,,,,,,0,
NY,New York,08,,0,,,,Party Votes:,REF,2.0,,,,,,,,,,0,
NY,New York,08,,0,,,,District Votes:,,2.0,,,,230203.0,,,,,,0,
NY,New York,09,,0,,,,Party Votes:,REF,1.0,,,,,,,,,,0,
NY,New York,09,,0,,,,District Votes:,,1.0,,,,232094.0,,,,,,0,
NY,New York,10,,0,,,,Party Votes:,D,30476.0,,,,,,,,,,0,
NY,New York,10,,0,,,,District Votes:,,30476.0,,,,246525.0,,,,,,0,
NY,New York,11,,0,,,,District Votes:,,,,,,232317.0,,,,,,0,
NY,New York,12,,0,,,,Party Votes:,D,16755.0,,,,,,,,,,0,
NY,New York,12,,0,,,,Party Votes:,REF,5.0,,,,,,,,,,0,
NY,New York,12,,0,,,,District Votes:,,16760.0,,,,294071.0,,,,,,0,
NY,New York,13,,0,,,,Party Votes:,D,45517.0,,,,,,,,,,0,
NY,New York,13,,0,,,,Party Votes:,REF,2.0,,,,,,,,,,0,
NY,New York,13,,0,,,,District Votes:,,45519.0,,,,233737.0,,,,,,0,
NY,New York,14,,0,,,,District Votes:,,,,,,178323.0,,,,,,0,
NY,New York,15,,0,,,,Party Votes:,D,10461.0,,,,,,,,,,0,
NY,New York,15,,0,,,,District Votes:,,10461.0,,,,174036.0,,,,,,0,
NY,New York,16,,0,,,,District Votes:,,,,,,222230.0,,,,,,0,
NY,New York,17,,0,,,,District Votes:,,,,,,216585.0,,,,,,0,
NY,New York,18,,0,,,,Party Votes:,R,6270.0,,,,,,,,,,0,
NY,New York,18,,0,,,,District Votes:,,6270.0,,,,291527.0,,,,,,0,
NY,New York,19,,0,,,,Party Votes:,R,16175.0,,,,,,,,,,0,
NY,New York,19,,0,,,,Party Votes:,D,19362.0,,,,,,,,,,0,
NY,New York,19,,0,,,,District Votes:,,35537.0,,,,307614.0,,,,,,0,
NY,New York,20,,0,,,,District Votes:,,,,,,313939.0,,,,,,0,
NY,New York,21,,0,,,,District Votes:,,,,,,272606.0,,,,,,0,
NY,New York,22,,0,,,,Party Votes:,R,23250.0,,,,,,,,,,0,
NY,New York,22,,0,,,,Party Votes:,REF,28.0,,,,,,,,,,0,
NY,New York,22,,0,,,,District Votes:,,23278.0,,,,278531.0,,,,,,0,
NY,New York,23,,0,,,,District Votes:,,,,,,279735.0,,,,,,0,
NY,New York,24,,0,,,,Party Votes:,D,13068.0,,,,,,,,,,0,
NY,New York,24,,0,,,,District Votes:,,13068.0,,,,302115.0,,,,,,0,
NY,New York,25,,0,,,,District Votes:,,,,,,325831.0,,,,,,0,
NY,New York,26,,0,,,,District Votes:,,,,,,288679.0,,,,,,0,
NY,New York,27,,0,,,,District Votes:,,,,,,328809.0,,,,,,0,
NY,New York,H,,0,,,,Total State Votes:,,239372.0,,,,7116422.0,,,,,,0,
NC,North Carolina,01,,0,,,,District Votes:,,,,,,350699.0,,,,,,0,
NC,North Carolina,02,,0,,,,Party Votes:,R,31995.0,,,,,,,,,,0,
NC,North Carolina,02,,0,,,,Party Votes:,D,16506.0,,,,,,,,,,0,
NC,North Carolina,02,,0,,,,District Votes:,,48501.0,,,,390567.0,,,,,,0,
NC,North Carolina,03,,0,,,,Party Votes:,R,24355.0,,,,,,,,,,0,
NC,North Carolina,03,,0,,,,Party Votes:,D,11807.0,,,,,,,,,,0,
NC,North Carolina,03,,0,,,,District Votes:,,36162.0,,,,323701.0,,,,,,0,
NC,North Carolina,04,,0,,,,Party Votes:,R,15346.0,,,,,,,,,,0,
NC,North Carolina,04,,0,,,,District Votes:,,15346.0,,,,409541.0,,,,,,0,
NC,North Carolina,05,,0,,,,Party Votes:,R,25260.0,,,,,,,,,,0,
NC,North Carolina,05,,0,,,,Party Votes:,D,15573.0,,,,,,,,,,0,
NC,North Carolina,05,,0,,,,District Votes:,,40833.0,,,,355512.0,,,,,,0,
NC,North Carolina,06,,0,,,,Party Votes:,R,21636.0,,,,,,,,,,0,
NC,North Carolina,06,,0,,,,District Votes:,,21636.0,,,,351150.0,,,,,,0,
NC,North Carolina,07,,0,,,,District Votes:,,,,,,347706.0,,,,,,0,
NC,North Carolina,08,,0,,,,Party Votes:,R,25357.0,,,,,,,,,,0,
NC,North Carolina,08,,0,,,,District Votes:,,25357.0,,,,323045.0,,,,,,0,
NC,North Carolina,09,,0,,,,Party Votes:,R,26606.0,,,,,,,,,,0,
NC,North Carolina,09,,0,,,,District Votes:,,26606.0,,,,332493.0,,,,,,0,
NC,North Carolina,10,,0,,,,Party Votes:,R,18895.0,,,,,,,,,,0,
NC,North Carolina,10,,0,,,,District Votes:,,18895.0,,,,349744.0,,,,,,0,
NC,North Carolina,11,,0,,,,Party Votes:,D,19139.0,,,,,,,,,,0,
NC,North Carolina,11,,0,,,,District Votes:,,19139.0,,,,359508.0,,,,,,0,
NC,North Carolina,12,,0,,,,Party Votes:,D,29172.0,,,,,,,,,,0,
NC,North Carolina,12,,0,,,,Party Votes:,R,8362.0,,,,,,,,,,0,
NC,North Carolina,12,,0,,,,District Votes:,,37534.0,,,,349300.0,,,,,,0,
NC,North Carolina,13,,0,,,,Party Votes:,R,31706.0,,,,,,,,,,0,
NC,North Carolina,13,,0,,,,Party Votes:,D,18340.0,,,,,,,,,,0,
NC,North Carolina,13,,0,,,,District Votes:,,50046.0,,,,355492.0,,,,,,0,
NC,North Carolina,H,,0,,,,Total State Votes:,,340055.0,,,,4598458.0,,,,,,0,
ND,North Dakota,00,,0,,,,Party Votes:,R,97276.0,,,,,,,,,,0,
ND,North Dakota,00,,0,,,,Party Votes:,DNL,17122.0,,,,,,,,,,0,
ND,North Dakota,00,,0,,,,Party Votes:,LIB,1113.0,,,,,,,,,,0,
ND,North Dakota,00,,0,,,,District Votes:,,115511.0,,,,338459.0,,,,,,0,
ND,North Dakota,H,,0,,,,Total State Votes:,,115511.0,,,,338459.0,,,,,,0,
MP,Northern Mariana Islands,00,,0,,,,District Votes:,,,,,,10605.0,,,,,,0,
MP,Northern Mariana Islands,H,,0,,,,Total State Votes:,,,,,,10605.0,,,,,,0,
OH,Ohio,01,,0,,,,Party Votes:,R,101026.0,,,,,,,,,,0,
OH,Ohio,01,,0,,,,Party Votes:,D,58172.0,,,,,,,,,,0,
OH,Ohio,01,,0,,,,District Votes:,,159198.0,,,,354788.0,,,,,,0,
OH,Ohio,02,,0,,,,Party Votes:,R,119901.0,,,,,,,,,,0,
OH,Ohio,02,,0,,,,Party Votes:,D,46552.0,,,,,,,,,,0,
OH,Ohio,02,,0,,,,District Votes:,,166453.0,,,,340279.0,,,,,,0,
OH,Ohio,03,,0,,,,Party Votes:,D,79893.0,,,,,,,,,,0,
OH,Ohio,03,,0,,,,Party Votes:,R,36851.0,,,,,,,,,,0,
OH,Ohio,03,,0,,,,District Votes:,,116744.0,,,,291351.0,,,,,,0,
OH,Ohio,04,,0,,,,Party Votes:,R,109743.0,,,,,,,,,,0,
OH,Ohio,04,,0,,,,Party Votes:,D,44473.0,,,,,,,,,,0,
OH,Ohio,04,,0,,,,District Votes:,,154216.0,,,,309208.0,,,,,,0,
OH,Ohio,05,,0,,,,Party Votes:,R,119907.0,,,,,,,,,,0,
OH,Ohio,05,,0,,,,Party Votes:,D,44005.0,,,,,,,,,,0,
OH,Ohio,05,,0,,,,District Votes:,,163912.0,,,,344991.0,,,,,,0,
OH,Ohio,06,,0,,,,Party Votes:,R,102187.0,,,,,,,,,,0,
OH,Ohio,06,,0,,,,Party Votes:,D,20649.0,,,,,,,,,,0,
OH,Ohio,06,,0,,,,District Votes:,,122836.0,,,,302755.0,,,,,,0,
OH,Ohio,07,,0,,,,Party Votes:,R,108306.0,,,,,,,,,,0,
OH,Ohio,07,,0,,,,Party Votes:,D,43683.0,,,,,,,,,,0,
OH,Ohio,07,,0,,,,District Votes:,,151989.0,,,,309553.0,,,,,,0,
OH,Ohio,08,,0,,,,Party Votes:,R,132697.0,,,,,,,,,,0,
OH,Ohio,08,,0,,,,Party Votes:,D,33165.0,,,,,,,,,,0,
OH,Ohio,08,,0,,,,Party Votes:,GRE,216.0,,,,,,,,,,0,
OH,Ohio,08,,0,,,,District Votes:,,166078.0,,,,325506.0,,,,,,0,
OH,Ohio,09,,0,,,,Party Votes:,D,80065.0,,,,,,,,,,0,
OH,Ohio,09,,0,,,,Party Votes:,R,47087.0,,,,,,,,,,0,
OH,Ohio,09,,0,,,,District Votes:,,127152.0,,,,282398.0,,,,,,0,
OH,Ohio,10,,0,,,,Party Votes:,R,108235.0,,,,,,,,,,0,
OH,Ohio,10,,0,,,,Party Votes:,D,51854.0,,,,,,,,,,0,
OH,Ohio,10,,0,,,,District Votes:,,160089.0,,,,336602.0,,,,,,0,
OH,Ohio,11,,0,,,,Party Votes:,D,109706.0,,,,,,,,,,0,
OH,Ohio,11,,0,,,,Party Votes:,R,23290.0,,,,,,,,,,0,
OH,Ohio,11,,0,,,,District Votes:,,132996.0,,,,302686.0,,,,,,0,
OH,Ohio,12,,0,,,,Party Votes:,R,128173.0,,,,,,,,,,0,
OH,Ohio,12,,0,,,,Party Votes:,D,48537.0,,,,,,,,,,0,
OH,Ohio,12,,0,,,,Party Votes:,GRE,239.0,,,,,,,,,,0,
OH,Ohio,12,,0,,,,District Votes:,,176949.0,,,,377534.0,,,,,,0,
OH,Ohio,13,,0,,,,Party Votes:,D,98732.0,,,,,,,,,,0,
OH,Ohio,13,,0,,,,Party Votes:,R,50750.0,,,,,,,,,,0,
OH,Ohio,13,,0,,,,District Votes:,,149482.0,,,,308004.0,,,,,,0,
OH,Ohio,14,,0,,,,Party Votes:,R,123923.0,,,,,,,,,,0,
OH,Ohio,14,,0,,,,Party Votes:,D,55238.0,,,,,,,,,,0,
OH,Ohio,14,,0,,,,District Votes:,,179161.0,,,,350269.0,,,,,,0,
OH,Ohio,15,,0,,,,Party Votes:,R,106410.0,,,,,,,,,,0,
OH,Ohio,15,,0,,,,Party Votes:,D,48477.0,,,,,,,,,,0,
OH,Ohio,15,,0,,,,Party Votes:,GRE,5.0,,,,,,,,,,0,
OH,Ohio,15,,0,,,,District Votes:,,154892.0,,,,336807.0,,,,,,0,
OH,Ohio,16,,0,,,,Party Votes:,R,107039.0,,,,,,,,,,0,
OH,Ohio,16,,0,,,,Party Votes:,D,48907.0,,,,,,,,,,0,
OH,Ohio,16,,0,,,,District Votes:,,155946.0,,,,345624.0,,,,,,0,
OH,Ohio,H,,0,,,,Total State Votes:,,2438093.0,,,,5218355.0,,,,,,0,
OK,Oklahoma,01,,0,,,,Party Votes:,R,62655.0,,,,,,,,,,0,
OK,Oklahoma,01,,0,,,,District Votes:,,62655.0,,,,,,,,,,0,
OK,Oklahoma,02,,0,,,,Party Votes:,R,31645.0,,,,,,,,,,0,
OK,Oklahoma,02,,0,,,,Party Votes:,D,52833.0,,,,,,,,,,0,
OK,Oklahoma,02,,0,,,,District Votes:,,84478.0,,,,268870.0,,,,,,0,
OK,Oklahoma,03,,0,,,,Party Votes:,R,53918.0,,,,,,,,,,0,
OK,Oklahoma,03,,0,,,,Party Votes:,D,,,,,,,,,,,0,
OK,Oklahoma,03,,0,,,,District Votes:,,53918.0,,,,290615.0,,,,,,0,
OK,Oklahoma,04,,0,,,,Party Votes:,R,40362.0,,,,,,,,,,0,
OK,Oklahoma,04,,0,,,,Party Votes:,D,26236.0,,,,,,,,,,0,
OK,Oklahoma,04,,0,,,,District Votes:,,66598.0,,,,293189.0,,,,,,0,
OK,Oklahoma,05,,0,,,,Party Votes:,R,34157.0,,,,,,,,,,0,
OK,Oklahoma,05,,0,,,,Party Votes:,D,27203.0,,,,,,,,,,0,
OK,Oklahoma,05,,0,,,,Party Votes:,,,,16020.0,,,,,,,,0,
OK,Oklahoma,05,,0,,,,District Votes:,,61360.0,,16020.0,,280570.0,,,,,,0,
OK,Oklahoma,H,,0,,,,Total State Votes:,,329009.0,,16020.0,,1133244.0,,,,,,0,
OR,Oregon,01,,0,,,,Party Votes:,D,110490.0,,,,,,,,,,0,
OR,Oregon,01,,0,,,,Party Votes:,IP,1468.0,,,,,,,,,,0,
OR,Oregon,01,,0,,,,Party Votes:,R,39825.0,,,,,,,,,,0,
OR,Oregon,01,,0,,,,District Votes:,,151783.0,,,,378095.0,,,,,,0,
OR,Oregon,02,,0,,,,Party Votes:,R,106376.0,,,,,,,,,,0,
OR,Oregon,02,,0,,,,Party Votes:,IP,2815.0,,,,,,,,,,0,
OR,Oregon,02,,0,,,,Party Votes:,D,54779.0,,,,,,,,,,0,
OR,Oregon,02,,0,,,,District Votes:,,163970.0,,,,380739.0,,,,,,0,
OR,Oregon,03,,0,,,,Party Votes:,D,147217.0,,,,,,,,,,0,
OR,Oregon,03,,0,,,,Party Votes:,IP,3385.0,,,,,,,,,,0,
OR,Oregon,03,,0,,,,Party Votes:,R,2377.0,,,,,,,,,,0,
OR,Oregon,03,,0,,,,District Votes:,,152979.0,,,,382355.0,,,,,,0,
OR,Oregon,04,,0,,,,Party Votes:,D,124311.0,,,,,,,,,,0,
OR,Oregon,04,,0,,,,Party Votes:,R,82552.0,,,,,,,,,,0,
OR,Oregon,04,,0,,,,Party Votes:,IP,2877.0,,,,,,,,,,0,
OR,Oregon,04,,0,,,,District Votes:,,209740.0,,,,397568.0,,,,,,0,
OR,Oregon,05,,0,,,,Party Votes:,D,101367.0,,,,,,,,,,0,
OR,Oregon,05,,0,,,,Party Votes:,R,70491.0,,,,,,,,,,0,
OR,Oregon,05,,0,,,,Party Votes:,IP,2393.0,,,,,,,,,,0,
OR,Oregon,05,,0,,,,District Votes:,,174251.0,,,,373108.0,,,,,,0,
OR,Oregon,H,,0,,,,Total State Votes:,,852723.0,,,,1911865.0,,,,,,0,
PA,Pennsylvania,01,,0,,,,Party Votes:,D,108331.0,,,,,,,,,,0,
PA,Pennsylvania,01,,0,,,,Party Votes:,R,19061.0,,,,,,,,,,0,
PA,Pennsylvania,01,,0,,,,District Votes:,,127392.0,,,,299132.0,,,,,,0,
PA,Pennsylvania,02,,0,,,,Party Votes:,D,178737.0,,,,,,,,,,0,
PA,Pennsylvania,02,,0,,,,Party Votes:,R,11861.0,,,,,,,,,,0,
PA,Pennsylvania,02,,0,,,,District Votes:,,190598.0,,,,357784.0,,,,,,0,
PA,Pennsylvania,03,,0,,,,Party Votes:,R,89628.0,,,,,,,,,,0,
PA,Pennsylvania,03,,0,,,,Party Votes:,D,3145.0,,,,,,,,,,0,
PA,Pennsylvania,03,,0,,,,District Votes:,,92773.0,,,,251925.0,,,,,,0,
PA,Pennsylvania,04,,0,,,,Party Votes:,R,100967.0,,,,,,,,,,0,
PA,Pennsylvania,04,,0,,,,Party Votes:,D,4131.0,,,,,,,,,,0,
PA,Pennsylvania,04,,0,,,,District Votes:,,105098.0,,,,334286.0,,,,,,0,
PA,Pennsylvania,05,,0,,,,Party Votes:,R,89669.0,,,,,,,,,,0,
PA,Pennsylvania,05,,0,,,,Party Votes:,D,57423.0,,,,,,,,,,0,
PA,Pennsylvania,05,,0,,,,District Votes:,,147092.0,,,,308231.0,,,,,,0,
PA,Pennsylvania,06,,0,,,,Party Votes:,R,88477.0,,,,,,,,,,0,
PA,Pennsylvania,06,,0,,,,Party Votes:,D,62873.0,,,,,,,,,,0,
PA,Pennsylvania,06,,0,,,,District Votes:,,151350.0,,,,362756.0,,,,,,0,
PA,Pennsylvania,07,,0,,,,Party Votes:,R,113718.0,,,,,,,,,,0,
PA,Pennsylvania,07,,0,,,,Party Votes:,D,71398.0,,,,,,,,,,0,
PA,Pennsylvania,07,,0,,,,District Votes:,,185116.0,,,,379649.0,,,,,,0,
PA,Pennsylvania,08,,0,,,,Party Votes:,R,94743.0,,,,,,,,,,0,
PA,Pennsylvania,08,,0,,,,Party Votes:,D,84954.0,,,,,,,,,,0,
PA,Pennsylvania,08,,0,,,,District Votes:,,179697.0,,,,380862.0,,,,,,0,
PA,Pennsylvania,09,,0,,,,Party Votes:,R,97680.0,,,,,,,,,,0,
PA,Pennsylvania,09,,0,,,,Party Votes:,D,4075.0,,,,,,,,,,0,
PA,Pennsylvania,09,,0,,,,District Votes:,,101755.0,,,,297084.0,,,,,,0,
PA,Pennsylvania,10,,0,,,,Party Votes:,R,96345.0,,,,,,,,,,0,
PA,Pennsylvania,10,,0,,,,Party Votes:,D,4911.0,,,,,,,,,,0,
PA,Pennsylvania,10,,0,,,,District Votes:,,101256.0,,,,301532.0,,,,,,0,
PA,Pennsylvania,11,,0,,,,Party Votes:,R,92401.0,,,,,,,,,,0,
PA,Pennsylvania,11,,0,,,,Party Votes:,D,58271.0,,,,,,,,,,0,
PA,Pennsylvania,11,,0,,,,District Votes:,,150672.0,,,,313446.0,,,,,,0,
PA,Pennsylvania,12,,0,,,,Party Votes:,R,87806.0,,,,,,,,,,0,
PA,Pennsylvania,12,,0,,,,Party Votes:,D,74423.0,,,,,,,,,,0,
PA,Pennsylvania,12,,0,,,,District Votes:,,162229.0,,,,359513.0,,,,,,0,
PA,Pennsylvania,13,,0,,,,Party Votes:,D,90639.0,,,,,,,,,,0,
PA,Pennsylvania,13,,0,,,,Party Votes:,R,1170.0,,,,,,,,,,0,
PA,Pennsylvania,13,,0,,,,District Votes:,,91809.0,,,,239553.0,,,,,,0,
PA,Pennsylvania,14,,0,,,,Party Votes:,D,135802.0,,,,,,,,,,0,
PA,Pennsylvania,14,,0,,,,Party Votes:,R,4751.0,,,,,,,,,,0,
PA,Pennsylvania,14,,0,,,,District Votes:,,140553.0,,,,343804.0,,,,,,0,
PA,Pennsylvania,15,,0,,,,Party Votes:,R,75935.0,,,,,,,,,,0,
PA,Pennsylvania,15,,0,,,,Party Votes:,D,59597.0,,,,,,,,,,0,
PA,Pennsylvania,15,,0,,,,District Votes:,,135532.0,,,,326728.0,,,,,,0,
PA,Pennsylvania,16,,0,,,,Party Votes:,R,92284.0,,,,,,,,,,0,
PA,Pennsylvania,16,,0,,,,Party Votes:,D,51772.0,,,,,,,,,,0,
PA,Pennsylvania,16,,0,,,,District Votes:,,144056.0,,,,314317.0,,,,,,0,
PA,Pennsylvania,17,,0,,,,Party Votes:,D,74342.0,,,,,,,,,,0,
PA,Pennsylvania,17,,0,,,,Party Votes:,R,54911.0,,,,,,,,,,0,
PA,Pennsylvania,17,,0,,,,District Votes:,,129253.0,,,,293471.0,,,,,,0,
PA,Pennsylvania,18,,0,,,,Party Votes:,R,88845.0,,,,,,,,,,0,
PA,Pennsylvania,18,,0,,,,Party Votes:,D,3377.0,,,,,,,,,,0,
PA,Pennsylvania,18,,0,,,,District Votes:,,92222.0,,,,298479.0,,,,,,0,
PA,Pennsylvania,H,,0,,,,Total State Votes:,,2428453.0,,,,6072665.0,,,,,,0,
PR,Puerto Rico,00,,0,,,,Party Votes:,NPP,464259.0,,,,,,,,,,0,
PR,Puerto Rico,00,,0,,,,Party Votes:,PPD,160244.0,,,,,,,,,,0,
PR,Puerto Rico,,,0,,,,District Votes:,,624503.0,,,,1478816.0,,,,,,0,
PR,Puerto Rico,H,,0,,,,Total State Votes:,,624503.0,,,,1478816.0,,,,,,0,
RI,Rhode Island,01,,0,,,,Party Votes:,D,35712.0,,,,,,,,,,0,
RI,Rhode Island,01,,0,,,,Party Votes:,R,629.0,,,,,,,,,,0,
RI,Rhode Island,01,,0,,,,District Votes:,,36341.0,,,,202377.0,,,,,,0,
RI,Rhode Island,02,,0,,,,Party Votes:,D,25362.0,,,,,,,,,,0,
RI,Rhode Island,02,,0,,,,Party Votes:,R,641.0,,,,,,,,,,0,
RI,Rhode Island,02,,0,,,,District Votes:,,26003.0,,,,229148.0,,,,,,0,
RI,Rhode Island,H,,0,,,,Total State Votes:,,62344.0,,,,431525.0,,,,,,0,
SC,South Carolina,,,0,,,,Party Votes:,R,38300.0,,,,,,,,,,0,
SC,South Carolina,01,,0,,,,District Votes:,,38300.0,,,,325170.0,,,,,,0,
SC,South Carolina,,,0,,,,Party Votes:,D,19317.0,,,,,,,,,,0,
SC,South Carolina,02,,0,,,,District Votes:,,19317.0,,,,304996.0,,,,,,0,
SC,South Carolina,03,,0,,,,District Votes:,,,,,,272481.0,,,,,,0,
SC,South Carolina,04,,0,,,,District Votes:,,,,,,295670.0,,,,,,0,
SC,South Carolina,,,0,,,,Party Votes:,R,28883.0,,,,,,,,,,0,
SC,South Carolina,05,,0,,,,District Votes:,,28883.0,,,,297781.0,,,,,,0,
SC,South Carolina,06,,0,,,,District Votes:,,,,,,253901.0,,,,,,0,
SC,South Carolina,07,,0,,,,District Votes:,,,,,,289463.0,,,,,,0,
SC,South Carolina,H,,0,,,,Total State Votes:,,86500.0,,,,2039462.0,,,,,,0,
SD,South Dakota,00,,0,,,,District Votes:,,,,,,369973.0,,,,,,0,
SD,South Dakota,H,,0,,,,Total State Votes:,,,,,,369973.0,,,,,,0,
TN,Tennessee,01,,0,,,,Party Votes:,R,43023.0,,,,,,,,,,0,
TN,Tennessee,01,,0,,,,Party Votes:,D,4161.0,,,,,,,,,,0,
TN,Tennessee,01,,0,,,,District Votes:,,47184.0,,,,253025.0,,,,,,0,
TN,Tennessee,02,,0,,,,Party Votes:,R,28806.0,,,,,,,,,,0,
TN,Tennessee,02,,0,,,,Party Votes:,D,7851.0,,,,,,,,,,0,
TN,Tennessee,02,,0,,,,District Votes:,,36657.0,,,,280856.0,,,,,,0,
TN,Tennessee,03,,0,,,,Party Votes:,R,38099.0,,,,,,,,,,0,
TN,Tennessee,03,,0,,,,Party Votes:,D,16059.0,,,,,,,,,,0,
TN,Tennessee,03,,0,,,,District Votes:,,54158.0,,,,266006.0,,,,,,0,
TN,Tennessee,04,,0,,,,Party Votes:,R,46457.0,,,,,,,,,,0,
TN,Tennessee,04,,0,,,,Party Votes:,D,11511.0,,,,,,,,,,0,
TN,Tennessee,04,,0,,,,District Votes:,,57968.0,,,,254937.0,,,,,,0,
TN,Tennessee,05,,0,,,,Party Votes:,D,32103.0,,,,,,,,,,0,
TN,Tennessee,05,,0,,,,Party Votes:,R,15085.0,,,,,,,,,,0,
TN,Tennessee,05,,0,,,,District Votes:,,47188.0,,,,273544.0,,,,,,0,
TN,Tennessee,06,,0,,,,Party Votes:,R,52179.0,,,,,,,,,,0,
TN,Tennessee,06,,0,,,,Party Votes:,D,11265.0,,,,,,,,,,0,
TN,Tennessee,06,,0,,,,District Votes:,,63444.0,,,,284490.0,,,,,,0,
TN,Tennessee,07,,0,,,,Party Votes:,R,38490.0,,,,,,,,,,0,
TN,Tennessee,07,,0,,,,Party Votes:,D,9956.0,,,,,,,,,,0,
TN,Tennessee,07,,0,,,,District Votes:,,48446.0,,,,277513.0,,,,,,0,
TN,Tennessee,08,,0,,,,Party Votes:,R,61530.0,,,,,,,,,,0,
TN,Tennessee,08,,0,,,,Party Votes:,D,14187.0,,,,,,,,,,0,
TN,Tennessee,08,,0,,,,District Votes:,,75717.0,,,,282733.0,,,,,,0,
TN,Tennessee,09,,0,,,,Party Votes:,D,41668.0,,,,,,,,,,0,
TN,Tennessee,09,,0,,,,Party Votes:,R,8381.0,,,,,,,,,,0,
TN,Tennessee,09,,0,,,,District Votes:,,50049.0,,,,217957.0,,,,,,0,
TN,Tennessee,H,,0,,,,Total State Votes:,,480811.0,,,,2391061.0,,,,,,0,
TX,Texas,01,,0,,,,Party Votes:,R,117527.0,,,,,,,,,,0,
TX,Texas,01,,0,,,,Party Votes:,D,17139.0,,,,,,,,,,0,
TX,Texas,01,,0,,,,District Votes:,,134666.0,,,,260409.0,,,,,,0,
TX,Texas,02,,0,,,,Party Votes:,R,75404.0,,,,,,,,,,0,
TX,Texas,02,,0,,,,Party Votes:,D,25814.0,,,,,,,,,,0,
TX,Texas,02,,0,,,,District Votes:,,101218.0,,,,278236.0,,,,,,0,
TX,Texas,03,,0,,,,Party Votes:,R,87704.0,,,,,,,,,,0,
TX,Texas,03,,0,,,,Party Votes:,D,23665.0,,,,,,,,,,0,
TX,Texas,03,,0,,,,District Votes:,,111369.0,,,,316467.0,,,,,,0,
TX,Texas,04,,0,,,,Party Votes:,R,113546.0,,,,,,,,,,0,
TX,Texas,04,,0,,,,District Votes:,,113546.0,,,,246220.0,,,,,,0,
TX,Texas,05,,0,,,,Party Votes:,R,73143.0,,,,,,,,,,0,
TX,Texas,05,,0,,,,District Votes:,,73143.0,,,,192875.0,,,,,,0,
TX,Texas,06,,0,,,,Party Votes:,R,80537.0,,,,,,,,,,0,
TX,Texas,06,,0,,,,Party Votes:,D,33419.0,,,,,,,,,,0,
TX,Texas,06,,0,,,,District Votes:,,113956.0,,,,273296.0,,,,,,0,
TX,Texas,07,,0,,,,Party Votes:,R,77300.0,,,,,,,,,,0,
TX,Texas,07,,0,,,,Party Votes:,D,24190.0,,,,,,,,,,0,
TX,Texas,07,,0,,,,District Votes:,,101490.0,,,,255533.0,,,,,,0,
TX,Texas,08,,0,,,,Party Votes:,R,121778.0,,,,,,,,,,0,
TX,Texas,08,,0,,,,District Votes:,,121778.0,,,,236379.0,,,,,,0,
TX,Texas,09,,0,,,,Party Votes:,D,44487.0,,,,,,,,,,0,
TX,Texas,09,,0,,,,Party Votes:,R,11696.0,,,,,,,,,,0,
TX,Texas,09,,0,,,,District Votes:,,56183.0,,,,188523.0,,,,,,0,
TX,Texas,10,,0,,,,Party Votes:,R,76646.0,,,,,,,,,,0,
TX,Texas,10,,0,,,,Party Votes:,D,43621.0,,,,,,,,,,0,
TX,Texas,10,,0,,,,District Votes:,,120267.0,,,,312600.0,,,,,,0,
TX,Texas,11,,0,,,,Party Votes:,R,101056.0,,,,,,,,,,0,
TX,Texas,11,,0,,,,District Votes:,,101056.0,,,,225548.0,,,,,,0,
TX,Texas,12,,0,,,,Party Votes:,R,87329.0,,,,,,,,,,0,
TX,Texas,12,,0,,,,Party Votes:,D,25839.0,,,,,,,,,,0,
TX,Texas,12,,0,,,,District Votes:,,113168.0,,,,283115.0,,,,,,0,
TX,Texas,13,,0,,,,Party Votes:,R,98033.0,,,,,,,,,,0,
TX,Texas,13,,0,,,,District Votes:,,98033.0,,,,221242.0,,,,,,0,
TX,Texas,14,,0,,,,Party Votes:,R,68857.0,,,,,,,,,,0,
TX,Texas,14,,0,,,,Party Votes:,D,28731.0,,,,,,,,,,0,
TX,Texas,14,,0,,,,District Votes:,,97588.0,,,,259685.0,,,,,,0,
TX,Texas,15,,0,,,,Party Votes:,D,52477.0,,24450.0,,,,,,,,0,
TX,Texas,15,,0,,,,Party Votes:,R,29247.0,,2739.0,,,,,,,,0,
TX,Texas,15,,0,,,,District Votes:,,81724.0,,27189.0,,177479.0,,,,,,0,
TX,Texas,16,,0,,,,Party Votes:,D,46800.0,,,,,,,,,,0,
TX,Texas,16,,0,,,,District Votes:,,46800.0,,,,175229.0,,,,,,0,
TX,Texas,17,,0,,,,Party Votes:,R,83547.0,,,,,,,,,,0,
TX,Texas,17,,0,,,,Party Votes:,D,27639.0,,,,,,,,,,0,
TX,Texas,17,,0,,,,District Votes:,,111186.0,,,,245728.0,,,,,,0,
TX,Texas,18,,0,,,,Party Votes:,D,46113.0,,,,,,,,,,0,
TX,Texas,18,,0,,,,Party Votes:,R,16896.0,,2587.0,,,,,,,,0,
TX,Texas,18,,0,,,,District Votes:,,63009.0,,2587.0,,204308.0,,,,,,0,
TX,Texas,19,,0,,,,Party Votes:,R,104146.0,,47154.0,,,,,,,,0,
TX,Texas,19,,0,,,,District Votes:,,104146.0,,47154.0,,203475.0,,,,,,0,
TX,Texas,20,,0,,,,Party Votes:,D,42163.0,,,,,,,,,,0,
TX,Texas,20,,0,,,,District Votes:,,42163.0,,,,187669.0,,,,,,0,
TX,Texas,21,,0,,,,Party Votes:,R,116287.0,,,,,,,,,,0,
TX,Texas,21,,0,,,,Party Votes:,D,50227.0,,,,,,,,,,0,
TX,Texas,21,,0,,,,District Votes:,,166514.0,,,,356031.0,,,,,,0,
TX,Texas,22,,0,,,,Party Votes:,R,73375.0,,,,,,,,,,0,
TX,Texas,22,,0,,,,Party Votes:,D,30310.0,,,,,,,,,,0,
TX,Texas,22,,0,,,,District Votes:,,103685.0,,,,305543.0,,,,,,0,
TX,Texas,23,,0,,,,Party Votes:,R,48498.0,,,,,,,,,,0,
TX,Texas,23,,0,,,,Party Votes:,D,48911.0,,,,,,,,,,0,
TX,Texas,23,,0,,,,District Votes:,,97409.0,,,,228965.0,,,,,,0,
TX,Texas,24,,0,,,,Party Votes:,R,67412.0,,,,,,,,,,0,
TX,Texas,24,,0,,,,Party Votes:,D,27803.0,,,,,,,,,,0,
TX,Texas,24,,0,,,,District Votes:,,95215.0,,,,275635.0,,,,,,0,
TX,Texas,25,,0,,,,Party Votes:,R,83965.0,,,,,,,,,,0,
TX,Texas,25,,0,,,,Party Votes:,D,44633.0,,,,,,,,,,0,
TX,Texas,25,,0,,,,District Votes:,,128598.0,,,,310196.0,,,,,,0,
TX,Texas,26,,0,,,,Party Votes:,R,92750.0,,,,,,,,,,0,
TX,Texas,26,,0,,,,Party Votes:,D,24816.0,,,,,,,,,,0,
TX,Texas,26,,0,,,,District Votes:,,117566.0,,,,319080.0,,,,,,0,
TX,Texas,27,,0,,,,Party Votes:,R,75475.0,,,,,,,,,,0,
TX,Texas,27,,0,,,,Party Votes:,D,31666.0,,,,,,,,,,0,
TX,Texas,27,,0,,,,District Votes:,,107141.0,,,,230580.0,,,,,,0,
TX,Texas,28,,0,,,,Party Votes:,D,55676.0,,,,,,,,,,0,
TX,Texas,28,,0,,,,Party Votes:,R,21614.0,,,,,,,,,,0,
TX,Texas,28,,0,,,,District Votes:,,77290.0,,,,184442.0,,,,,,0,
TX,Texas,29,,0,,,,Party Votes:,D,31010.0,,,,,,,,,,0,
TX,Texas,29,,0,,,,Party Votes:,R,12560.0,,,,,,,,,,0,
TX,Texas,29,,0,,,,District Votes:,,43570.0,,,,131982.0,,,,,,0,
TX,Texas,30,,0,,,,Party Votes:,D,64139.0,,,,,,,,,,0,
TX,Texas,30,,0,,,,Party Votes:,R,14234.0,,,,,,,,,,0,
TX,Texas,30,,0,,,,District Votes:,,78373.0,,,,218826.0,,,,,,0,
TX,Texas,31,,0,,,,Party Votes:,R,88123.0,,,,,,,,,,0,
TX,Texas,31,,0,,,,Party Votes:,D,28002.0,,,,,,,,,,0,
TX,Texas,31,,0,,,,District Votes:,,116125.0,,,,284588.0,,,,,,0,
TX,Texas,32,,0,,,,Party Votes:,R,81105.0,,,,,,,,,,0,
TX,Texas,32,,0,,,,District Votes:,,81105.0,,,,229171.0,,,,,,0,
TX,Texas,33,,0,,,,Party Votes:,D,32372.0,,,,,,,,,,0,
TX,Texas,33,,0,,,,Party Votes:,R,12242.0,,,,,,,,,,0,
TX,Texas,33,,0,,,,District Votes:,,44614.0,,,,126369.0,,,,,,0,
TX,Texas,34,,0,,,,Party Votes:,D,41414.0,,,,,,,,,,0,
TX,Texas,34,,0,,,,Party Votes:,R,24785.0,,,,,,,,,,0,
TX,Texas,34,,0,,,,District Votes:,,66199.0,,,,166961.0,,,,,,0,
TX,Texas,35,,0,,,,Party Votes:,D,41189.0,,,,,,,,,,0,
TX,Texas,35,,0,,,,Party Votes:,R,22549.0,,,,,,,,,,0,
TX,Texas,35,,0,,,,District Votes:,,63738.0,,,,197576.0,,,,,,0,
TX,Texas,36,,0,,,,Party Votes:,R,80649.0,,,,,,,,,,0,
TX,Texas,36,,0,,,,District Votes:,,80649.0,,,,218565.0,,,,,,0,
TX,Texas,H,,0,,,,Total State Votes:,,3374280.0,,76930.0,,8528526.0,,,,,,0,
UT,Utah,01,,0,,,,District Votes:,,,,,,277455.0,,,,,,0,
UT,Utah,02,,0,,,,District Votes:,,,,,,276841.0,,,,,,0,
UT,Utah,02,,0,,,,Party Votes:,R,60361.0,,,,,,,,,,0,"*  Conventions are held by the political parties prior to the primary election.  If one candidate achieves the required convention vote (in accordance with party rules) and there are no candidates that qualified for a primary election by gathering petition signatures, then the candidate is the nominee and the primary election is not held.  If a convention candidate does not achieve the required convention vote, then the top two convention vote-getters will participate in the primary election, along with any candidates that qualified by the signature-gathering method.  For the Democratic and Republican parties, the required convention vote for nomination was 60%.  The Constitution Party convention was held on April 9, 2016; the Democratic, Republican, Independent American and Libertarian conventions were held on April 23, 2016.  Convention nominees are noted with an asterisk."
UT,Utah,03,,0,,,,District Votes:,,60361.0,,,,285305.0,,,,,,0,
UT,Utah,04,,0,,,,District Votes:,,,,,,274569.0,,,,,,0,
UT,Utah,H,,0,,,,Total State Votes:,,60361.0,,,,1114170.0,,,,,,0,
VT,Vermont,00,,0,,,,Party Votes:,D,67630.0,,,,,,,,,,0,
VT,Vermont,00,,0,,,,Party Votes:,R,3428.0,,,,,,,,,,0,
VT,Vermont,00,,0,,,,Party Votes:,PRO,211.0,,,,,,,,,,0,
VT,Vermont,00,,0,,,,District Votes:,,71269.0,,,,295334.0,,,,,,0,
VT,Vermont,H,,0,,,,Total State Votes:,,71269.0,,,,295334.0,,,,,,0,
VA,Virginia,01,,0,,,,District Votes:,,,,,,384655.0,,,,,,0,
VA,Virginia,02,,0,,,,Party Votes:,R,40738.0,,,,,,,,,,0,
VA,Virginia,02,,0,,,,District Votes:,,40738.0,,,,310640.0,,,,,,0,
VA,Virginia,03,,0,,,,District Votes:,,,,,,312371.0,,,,,,0,
VA,Virginia,04,,0,,,,Party Votes:,D,15728.0,,,,,,,,,,0,
VA,Virginia,04,,0,,,,Party Votes:,R,7789.0,,,,,,,,,,0,
VA,Virginia,04,,0,,,,District Votes:,,23517.0,,,,346699.0,,,,,,0,
VA,Virginia,05,,0,,,,District Votes:,,,,,,356765.0,,,,,,0,
VA,Virginia,06,,0,,,,Party Votes:,R,24376.0,,,,,,,,,,0,
VA,Virginia,06,,0,,,,District Votes:,,24376.0,,,,338456.0,,,,,,0,
VA,Virginia,07,,0,,,,District Votes:,,,,,,379209.0,,,,,,0,
VA,Virginia,08,,0,,,,District Votes:,,,,,,360687.0,,,,,,0,
VA,Virginia,09,,0,,,,District Votes:,,,,,,310327.0,,,,,,0,
VA,Virginia,10,,0,,,,District Votes:,,,,,,400117.0,,,,,,0,
VA,Virginia,11,,0,,,,District Votes:,,,,,,282322.0,,,,,,0,
VA,Virginia,H,,0,,,,Total State Votes:,,88631.0,,,,3782248.0,,,,,,0,
VI,Virgin Islands,00,,0,,,,Party Votes:,D,4796.0,,,,,,,,,,0,
VI,Virgin Islands,00,,0,,,,District Votes:,,4796.0,,,,14902.0,,,,,,0,
VI,Virgin Islands,H,,0,,,,Total State Votes:,,4796.0,,,,14902.0,,,,,,0,
WA,Washington,01,,0,,,,District Votes:,,145215.0,,,,349398.0,,,,,,0,
WA,Washington,02,,0,,,,District Votes:,,138873.0,,,,325408.0,,,,,,0,
WA,Washington,03,,0,,,,District Votes:,,126435.0,,,,313277.0,,,,,,0,
WA,Washington,04,,0,,,,District Votes:,,97700.0,,,,229919.0,,,,,,0,
WA,Washington,05,,0,,,,District Votes:,,142684.0,,,,323534.0,,,,,,0,
WA,Washington,06,,0,,,,District Votes:,,149583.0,,,,327834.0,,,,,,0,
WA,Washington,07,,0,,,,District Votes:,,196503.0,,,,378754.0,,,,,,0,
WA,Washington,08,,0,,,,District Votes:,,129537.0,,,,320865.0,,,,,,0,
WA,Washington,09,,0,,,,District Votes:,,119229.0,,,,281482.0,,,,,,0,
WA,Washington,10,,0,,,,District Votes:,,126499.0,,,,290564.0,,,,,,0,
WA,Washington,H,,0,,,,Total State Votes:,,1372258.0,,,,3141035.0,,,,,,0,
WV,West Virginia,01,,0,,,,Party Votes:,R,61217.0,,,,,,,,,,0,
WV,West Virginia,01,,0,,,,Party Votes:,D,60911.0,,,,,,,,,,0,
WV,West Virginia,01,,0,,,,District Votes:,,122128.0,,,,237003.0,,,,,,0,
WV,West Virginia,02,,0,,,,Party Votes:,R,62688.0,,,,,,,,,,0,
WV,West Virginia,02,,0,,,,Party Votes:,D,73213.0,,,,,,,,,,0,
WV,West Virginia,02,,0,,,,District Votes:,,135901.0,,,,242014.0,,,,,,0,
WV,West Virginia,03,,0,,,,Party Votes:,R,41162.0,,,,,,,,,,0,
WV,West Virginia,03,,0,,,,Party Votes:,D,53703.0,,,,,,,,,,0,
WV,West Virginia,03,,0,,,,District Votes:,,94865.0,,,,207332.0,,,,,,0,
WV,West Virginia,H,,0,,,,Total State Votes:,,352894.0,,,,686349.0,,,,,,0,
WI,Wisconsin,01,,0,,,,Party Votes:,R,68243.0,,,,,,,,,,0,
WI,Wisconsin,01,,0,,,,Party Votes:,D,24867.0,,,,,,,,,,0,
WI,Wisconsin,01,,0,,,,Party Votes:,LIB,200.0,,,,,,,,,,0,
WI,Wisconsin,01,,0,,,,Party Votes:,WG,8.0,,,,,,,,,,0,
WI,Wisconsin,01,,0,,,,Party Votes:,CON,5.0,,,,,,,,,,0,
WI,Wisconsin,01,,0,,,,District Votes:,,93323.0,,,,354245.0,,,,,,0,
WI,Wisconsin,02,,0,,,,Party Votes:,D,71856.0,,,,,,,,,,0,
WI,Wisconsin,02,,0,,,,Party Votes:,R,12945.0,,,,,,,,,,0,
WI,Wisconsin,02,,0,,,,Party Votes:,LIB,26.0,,,,,,,,,,0,
WI,Wisconsin,02,,0,,,,Party Votes:,WG,14.0,,,,,,,,,,0,
WI,Wisconsin,02,,0,,,,Party Votes:,CON,3.0,,,,,,,,,,0,
WI,Wisconsin,02,,0,,,,District Votes:,,84844.0,,,,398060.0,,,,,,0,
WI,Wisconsin,03,,0,,,,Party Votes:,D,41016.0,,,,,,,,,,0,
WI,Wisconsin,03,,0,,,,Party Votes:,R,361.0,,,,,,,,,,0,
WI,Wisconsin,03,,0,,,,Party Votes:,LIB,21.0,,,,,,,,,,0,
WI,Wisconsin,03,,0,,,,Party Votes:,WG,8.0,,,,,,,,,,0,
WI,Wisconsin,03,,0,,,,Party Votes:,CON,2.0,,,,,,,,,,0,
WI,Wisconsin,03,,0,,,,District Votes:,,41408.0,,,,260370.0,,,,,,0,
WI,Wisconsin,04,,0,,,,Party Votes:,D,65397.0,,,,,,,,,,0,
WI,Wisconsin,04,,0,,,,Party Votes:,LIB,127.0,,,,,,,,,,0,
WI,Wisconsin,04,,0,,,,Party Votes:,R,228.0,,,,,,,,,,0,
WI,Wisconsin,04,,0,,,,Party Votes:,WG,18.0,,,,,,,,,,0,
WI,Wisconsin,04,,0,,,,Party Votes:,CON,12.0,,,,,,,,,,0,
WI,Wisconsin,04,,0,,,,District Votes:,,65782.0,,,,286909.0,,,,,,0,
WI,Wisconsin,05,,0,,,,Party Votes:,R,34303.0,,,,,,,,,,0,
WI,Wisconsin,05,,0,,,,Party Votes:,D,19468.0,,,,,,,,,,0,
WI,Wisconsin,05,,0,,,,Party Votes:,LIB,247.0,,,,,,,,,,0,
WI,Wisconsin,05,,0,,,,Party Votes:,WG,9.0,,,,,,,,,,0,
WI,Wisconsin,05,,0,,,,Party Votes:,CON,6.0,,,,,,,,,,0,
WI,Wisconsin,05,,0,,,,District Votes:,,54033.0,,,,390844.0,,,,,,0,
WI,Wisconsin,06,,0,,,,Party Votes:,R,29900.0,,,,,,,,,,0,
WI,Wisconsin,06,,0,,,,Party Votes:,D,26154.0,,,,,,,,,,0,
WI,Wisconsin,06,,0,,,,Party Votes:,LIB,19.0,,,,,,,,,,0,
WI,Wisconsin,06,,0,,,,Party Votes:,WG,10.0,,,,,,,,,,0,
WI,Wisconsin,06,,0,,,,Party Votes:,CON,4.0,,,,,,,,,,0,
WI,Wisconsin,06,,0,,,,District Votes:,,56087.0,,,,357183.0,,,,,,0,
WI,Wisconsin,07,,0,,,,Party Votes:,R,32981.0,,,,,,,,,,0,
WI,Wisconsin,07,,0,,,,Party Votes:,D,33870.0,,,,,,,,,,0,
WI,Wisconsin,07,,0,,,,Party Votes:,LIB,15.0,,,,,,,,,,0,
WI,Wisconsin,07,,0,,,,Party Votes:,WG,15.0,,,,,,,,,,0,
WI,Wisconsin,07,,0,,,,Party Votes:,CON,2.0,,,,,,,,,,0,
WI,Wisconsin,07,,0,,,,District Votes:,,66883.0,,,,362271.0,,,,,,0,
WI,Wisconsin,08,,0,,,,Party Votes:,R,54152.0,,,,,,,,,,0,
WI,Wisconsin,08,,0,,,,Party Votes:,D,20942.0,,,,,,,,,,0,
WI,Wisconsin,08,,0,,,,Party Votes:,LIB,16.0,,,,,,,,,,0,
WI,Wisconsin,08,,0,,,,Party Votes:,WG,11.0,,,,,,,,,,0,
WI,Wisconsin,08,,0,,,,Party Votes:,CON,3.0,,,,,,,,,,0,
WI,Wisconsin,08,,0,,,,District Votes:,,75124.0,,,,363780.0,,,,,,0,
WI,Wisconsin,H,,0,,,,Total State Votes:,,537484.0,,,,2773662.0,,,,,,0,
WY,Wyoming,00,,0,,,,Party Votes:,R,88082.0,,,,,,,,,,0,
WY,Wyoming,00,,0,,,,Party Votes:,D,18936.0,,,,,,,,,,0,
WY,Wyoming,00,,0,,,,Party Votes:,CON,149.0,,,,,,,,,,0,
WY,Wyoming,00,,0,,,,Party Votes:,LIB,306.0,,,,,,,,,,0,
WY,Wyoming,,,0,,,,District Votes:,,107473.0,,,,251776.0,,,,,,0,
WY,Wyoming,H,,0,,,,Total State Votes:,,107473.0,,,,251776.0,,,,,,0,
